V1,V2,V3,V4,V5,V6,V7,V8,V9,V10,consent,Instructions,E1_A_FG_BL,E1_A_FG_BL_time_1,E1_A_FG_BL_time_2,E1_A_FG_BL_time_3,E1_A_FG_BL_time_4,E1_A_FG_BL_resp,E1_A_FG_BL_rt_1,E1_A_FG_BL_rt_2,E1_A_FG_BL_rt_3,E1_A_FG_BL_rt_4,E1_B_BG_BL,E1_B_BG_BL_time_1,E1_B_BG_BL_time_2,E1_B_BG_BL_time_3,E1_B_BG_BL_time_4,E1_B_BG_BL_resp,E1_B_BG_BL_rt_1,E1_B_BG_BL_rt_2,E1_B_BG_BL_rt_3,E1_B_BG_BL_rt_4,E1_C_FG_FL,E1_C_FG_FL_time_1,E1_C_FG_FL_time_2,E1_C_FG_FL_time_3,E1_C_FG_FL_time_4,E1_C_FG_FL_resp,E1_C_FG_FL_rt_1,E1_C_FG_FL_rt_2,E1_C_FG_FL_rt_3,E1_C_FG_FL_rt_4,E1_D_BG_FL,E1_D_BG_FL_time_1,E1_D_BG_FL_time_2,E1_D_BG_FL_time_3,E1_D_BG_FL_time_4,E1_D_BG_FL_resp,E1_D_BG_FL_rt_1,E1_D_BG_FL_rt_2,E1_D_BG_FL_rt_3,E1_D_BG_FL_rt_4,VideoCompletion,VideoNTimes,GestureNotice,OpenEnded,MathQuestion,age,gender,handedness,language,ThankYou,DO-BR-FL_10,LocationLatitude,LocationLongitude,LocationAccuracy
ResponseID,ResponseSet,Name,ExternalDataReference,EmailAddress,IPAddress,Status,StartDate,EndDate,Finished,CONSENT Ê This study investigates language and perception. You will be asked to look at a picture...,"INSTRUCTIONS Ê On the next screen, you will see a video of a person. Focus on the screen. Please...",Click to write the question text,Timing-First Click,Timing-Last Click,Timing-Page Submit,Timing-Click Count,What day of the week the meeting has been rescheduled to?,Timing-First Click,Timing-Last Click,Timing-Page Submit,Timing-Click Count,Click to write the question text,Timing-First Click,Timing-Last Click,Timing-Page Submit,Timing-Click Count,What day of the week the meeting has been rescheduled to?,Timing-First Click,Timing-Last Click,Timing-Page Submit,Timing-Click Count,Click to write the question text,Timing-First Click,Timing-Last Click,Timing-Page Submit,Timing-Click Count,What day of the week has the meeting been rescheduled to?,Timing-First Click,Timing-Last Click,Timing-Page Submit,Timing-Click Count,Click to write the question text,Timing-First Click,Timing-Last Click,Timing-Page Submit,Timing-Click Count,What day of the week has the meeting been rescheduled to?,Timing-First Click,Timing-Last Click,Timing-Page Submit,Timing-Click Count,Were you able to view the video completely?,"If you were able to view the video, how many times did you view it?",Did you notice the person's gestures?,"Any observations, thoughts, ideas you want to share with us about the person you just saw or the...",What is 9 + 4?,What is your age?,What is your gender?,Are you left or right-handed?,What is your native language / your native languages? Ê Your native language(s) is what you spoke...,You completed our survey! Please follow the link below to retrieve the access code for this HIT:...,Display Order: Block Randomizer FL_10,LocationLatitude,LocationLongitude,LocationAccuracy
R_1gMFr2xYdfZg4MB,Default Response Set,Anonymous,,,24.179.194.192,0,21/03/2017 15:36,21/03/2017 15:37,1,1,1,,,,,,,,,,,,,,,,,,,,,1,1,2,3,4,Friday,1,2,3,4,,,,,,,,,,,Yes,1,Definitely yes,no,13,29,female,right-handed,English,1,E1_C_FG_FL,45.5809021,-94.20809937,-1
R_6rKb6IbOANz2OHv,Default Response Set,Anonymous,,,67.11.212.123,0,21/03/2017 15:44,21/03/2017 15:46,1,1,1,,,,,,,,,,,,,,,,,,,,,1,1,2,3,4,Friday,1,2,3,4,,,,,,,,,,,Yes,1,Definitely yes,It's ambiguous if he meant Monday or Friday.,13,34,male,right-handed,English,1,E1_C_FG_FL,29.55589294,-98.36519623,-1
R_29bJAvJR4PDrSH7,Default Response Set,Anonymous,,,69.130.122.37,0,21/03/2017 15:45,21/03/2017 15:49,1,1,1,,,,,,,,,,,,,,,,,,,,,,,,,,,,,,,1,1,2,3,4,Friday,1,2,3,4,Yes,2,Definitely yes,,13,25,male,right-handed,English,1,E1_D_BG_FL,37.81159973,-113.2240982,-1
R_3lKPV52p0858AmW,Default Response Set,Anonymous,,,73.53.100.228,0,21/03/2017 16:11,21/03/2017 16:12,1,1,1,1,1,2,3,4,Friday,1,2,3,4,,,,,,,,,,,,,,,,,,,,,,,,,,,,,,,Yes,1,Definitely yes,No,13,26,male,right-handed,English,1,E1_A_FG_BL,47.31010437,-122.2042007,-1
R_2yd2z6iRPClh1PW,Default Response Set,Anonymous,,,50.137.142.118,0,21/03/2017 16:11,21/03/2017 16:16,1,1,1,,,,,,,,,,,,,,,,,,,,,1,1,2,3,4,Monday,1,2,3,4,,,,,,,,,,,Yes,1,Definitely yes,"The question can be interpreted two ways, depending on each person who listens to it. ""Forward"" is ambiguous when talking about days of the week, since it could move in either direction for a lot of people.",13,31,female,right-handed,English,1,E1_C_FG_FL,45.48179626,-122.6004944,-1
R_8w5sYV0YA3806JP,Default Response Set,Anonymous,,,68.190.248.238,0,21/03/2017 16:14,21/03/2017 16:18,1,1,1,1,1,2,3,4,back two days,1,2,3,4,,,,,,,,,,,,,,,,,,,,,,,,,,,,,,,Yes,1,Definitely yes,The gesture is the opposite of what I expected,13,44,female,right-handed,english,1,E1_A_FG_BL,33.83149719,-118.1847,-1
R_2X1fNZNuLbMVFhz,Default Response Set,Anonymous,,,198.60.233.2,0,21/03/2017 16:17,21/03/2017 16:19,1,1,1,,,,,,,,,,,,,,,,,,,,,,,,,,,,,,,1,1,2,3,4,two days ahead,1,2,3,4,Maybe,1,Definitely yes,He said forward but motioned back.,13,38,male,right-handed,English,1,E1_D_BG_FL,42.56300354,-114.4608994,-1
R_VQZ9N0jqpM6llVT,Default Response Set,Anonymous,,,107.219.126.149,0,21/03/2017 16:20,21/03/2017 16:22,1,1,1,1,1,2,3,4,next Monday,1,2,3,4,,,,,,,,,,,,,,,,,,,,,,,,,,,,,,,Yes,1,Definitely yes,,13,40,male,right-handed,English,1,E1_A_FG_BL,41.60450745,-87.99559784,-1
R_2YYDUm74FN9bPJV,Default Response Set,Anonymous,,,128.151.20.238,0,21/03/2017 15:30,21/03/2017 15:31,0,1,1,,,,,,,,,,,,,,,,,,,,,,,,,,,,,,,1,1,2,3,4,Monday,1,2,3,4,Yes,1,Definitely yes,He moved his hand towards himself/forward away from us. ,13,22,male,right-handed,"English, Spanish",,E1_D_BG_FL,,,-1
R_VJSG7qjA0JIFwoF,Default Response Set,Anonymous,,,67.186.29.207,0,21/03/2017 15:39,21/03/2017 15:39,0,1,1,1,1,2,3,4,Monday,1,2,3,4,,,,,,,,,,,,,,,,,,,,,,,,,,,,,,,Yes,1,Definitely yes,It was a weird hand gesture,13,31,male,right-handed,English,,E1_A_FG_BL,,,-1
R_4NG7ktc6r8JMWT7,Default Response Set,Anonymous,,,68.104.245.191,0,21/03/2017 16:12,21/03/2017 16:24,0,1,1,,,,,,,,,,,,,,,,,,,,,,,,,,,,,,,1,1,2,3,4,friday,1,2,3,4,Yes,1,Definitely yes,nope,13,32,female,right-handed,english,,E1_D_BG_FL,,,-1
R_3HGLWnUg13hCUBw,Default Response Set,Anonymous,,,184.166.87.77,0,21/03/2017 16:11,21/03/2017 16:12,0,1,1,,,,,,,,,,,,,,,,,,,,,1,1,2,3,4,monday,1,2,3,4,,,,,,,,,,,Yes,once,Definitely yes,not particularly,13,25,male,right-handed,english,,E1_C_FG_FL,,,-1
R_2amZ1KOUfu5hnoS,Default Response Set,Anonymous,,,50.152.61.40,0,21/03/2017 15:31,21/03/2017 15:33,0,1,1,,,,,,,,,,,1,1,2,3,4,Monday,1,2,3,4,,,,,,,,,,,,,,,,,,,,,Yes,2,Definitely yes,,13,33,female,right-handed,english,,E1_B_BG_BL,,,-1
R_shEcSaxGQy4ye8V,Default Response Set,Anonymous,,,172.113.160.244,0,21/03/2017 15:29,21/03/2017 15:31,0,1,1,,,,,,,,,,,1,1,2,3,4,Friday,1,2,3,4,,,,,,,,,,,,,,,,,,,,,Yes,Twice,Probably yes,"He moved his hand towards his chest when he said ""backwards"".",13,27,male,right-handed,english,,E1_B_BG_BL,,,-1
R_2t6aDzaLYIw8mJQ,Default Response Set,Anonymous,,,86.31.249.104,0,18/03/2017 07:32,18/03/2017 09:06,0,1,1,,,,,,,,,,,,,,,,,,,,,1,1,2,3,4,Friday,1,2,3,4,,,,,,,,,,,Yes,2,Definitely yes,,13,29,female,right-handed,English,,E1_C_FG_FL,,,-1
R_1IGna4ihkv9C10u,Default Response Set,Anonymous,,,2.218.0.232,0,21/03/2017 15:16,21/03/2017 15:18,0,1,1,,,,,,,,,,,,,,,,,,,,,,,,,,,,,,,1,1,2,3,4,Monday,1,2,3,4,Yes,bodo,Might or might not,bodo,2222,bodo,male,left-handed,bodo,,E1_D_BG_FL,,,-1
R_wSEoMLJh64pGIwx,Default Response Set,Anonymous,,,65.126.43.116,0,21/03/2017 15:32,21/03/2017 15:35,0,1,1,1,1,2,3,4,Monday,1,2,3,4,,,,,,,,,,,,,,,,,,,,,,,,,,,,,,,Yes,twice,Probably yes,Not really,13,28,male,right-handed,English,,E1_A_FG_BL,,,-1
R_2AHmU5M3j4rWaM4,Default Response Set,Anonymous,,,108.219.9.131,0,21/03/2017 16:11,21/03/2017 16:13,0,1,1,,,,,,,,,,,1,1,2,3,4,monday,1,2,3,4,,,,,,,,,,,,,,,,,,,,,Yes,1,Definitely yes,,13,22,female,right-handed,english,,E1_B_BG_BL,,,-1
R_2DNCpjMcDtVyewT,Default Response Set,Anonymous,,,73.205.202.129,0,21/03/2017 16:11,21/03/2017 16:12,0,1,1,,,,,,,,,,,,,,,,,,,,,,,,,,,,,,,1,1,2,3,4,Monday,1,2,3,4,Yes,1,Definitely yes,He moved his hand backward. but the meeting was moved forward,13,27,male,right-handed,English/spanish,,E1_D_BG_FL,,,-1
R_1ih2YnHO9xJ6hOY,Default Response Set,Anonymous,,,108.81.4.13,0,21/03/2017 15:50,21/03/2017 15:51,0,1,1,,,,,,,,,,,1,1,2,3,4,Monday,1,2,3,4,,,,,,,,,,,,,,,,,,,,,Yes,1,Probably not,,13,29,male,right-handed,English,,E1_B_BG_BL,,,-1
R_1d4wMozwdwWE0m5,Default Response Set,Anonymous,,,73.102.20.62,0,22/03/2017 05:43,22/03/2017 05:44,1,1,1,,,,,,,,,,,1,1,2,3,4,Monday,1,2,3,4,,,,,,,,,,,,,,,,,,,,,Yes,1,Definitely yes,The person moved his hands from in front of him back towards his body,13,34,male,right-handed,English,1,E1_B_BG_BL,40.13499451,-85.37999725,-1
R_1reLU3zosyXu34q,Default Response Set,Anonymous,,,148.74.16.168,0,22/03/2017 05:55,22/03/2017 05:56,1,1,1,1,1,2,3,4,monday,1,2,3,4,,,,,,,,,,,,,,,,,,,,,,,,,,,,,,,Yes,1,Definitely yes,he didn't speak clearly,13,33,male,right-handed,english,1,E1_A_FG_BL,41.03930664,-73.81009674,-1
R_3hoquSR5Ux0eDSL,Default Response Set,Anonymous,,,71.28.233.232,0,22/03/2017 05:58,22/03/2017 05:59,1,1,1,,,,,,,,,,,1,1,2,3,4,Friday,1,2,3,4,,,,,,,,,,,,,,,,,,,,,Yes,1,Definitely yes,"He seems like a nice guy, very matter of fact.",13,28,male,right-handed,English,1,E1_B_BG_BL,37.92070007,-84.41770172,-1
R_bxup0wm8M927LIB,Default Response Set,Anonymous,,,216.57.222.134,0,22/03/2017 05:59,22/03/2017 06:02,1,1,1,,,,,,,,,,,,,,,,,,,,,,,,,,,,,,,1,1,2,3,4,Monday,1,2,3,4,Yes,1,Definitely yes,The gesture made me think backwards instead of forwards at first.,13,42,male,right-handed,English,1,E1_D_BG_FL,48.79820251,-122.4098053,-1
R_3HCtTOtYQ2MKNYY,Default Response Set,Anonymous,,,174.105.37.165,0,22/03/2017 06:34,22/03/2017 06:35,1,1,1,,,,,,,,,,,,,,,,,,,,,1,1,2,3,4,two days from the original date.,1,2,3,4,,,,,,,,,,,Yes,1,Definitely yes,,13,27,male,right-handed,english,1,E1_C_FG_FL,39.96490479,-83.13829803,-1
R_2QF1NUc7k4JHQPJ,Default Response Set,Anonymous,,,69.253.177.27,0,22/03/2017 06:34,22/03/2017 06:36,1,1,1,,,,,,,,,,,,,,,,,,,,,1,1,2,3,4,"Forward so, Monday?",1,2,3,4,,,,,,,,,,,Yes,,Definitely yes,"He used hand gesture to motion that the schedule have been moved, but I don't think he specify what day it was.",13,27,male,right-handed,English and Cantonese,1,E1_C_FG_FL,40.03259277,-75.11579895,-1
R_2SerRZCwJNU3Xjs,Default Response Set,Anonymous,,,67.241.222.4,0,22/03/2017 06:40,22/03/2017 06:41,1,1,1,,,,,,,,,,,,,,,,,,,,,1,1,2,3,4,Friday,1,2,3,4,,,,,,,,,,,Yes,Once,Definitely yes,"No, I do not believe so.",13,26,male,right-handed,English,1,E1_C_FG_FL,44.86349487,-68.84020233,-1
R_2P5tX7kWcLOWRoe,Default Response Set,Anonymous,,,73.23.153.157,0,22/03/2017 06:49,22/03/2017 06:51,1,1,1,,,,,,,,,,,,,,,,,,,,,,,,,,,,,,,1,1,2,3,4,friday,1,2,3,4,Yes,1,Definitely yes,,13,51,female,right-handed,english,1,E1_D_BG_FL,26.52839661,-81.82949829,-1
R_3HBq3pj3r3suENB,Default Response Set,Anonymous,,,50.49.15.74,0,22/03/2017 06:35,22/03/2017 06:39,0,1,1,1,1,2,3,4,Monday,1,2,3,4,,,,,,,,,,,,,,,,,,,,,,,,,,,,,,,Yes,,Probably yes,No,13,41,female,right-handed,English,,E1_A_FG_BL,,,-1
R_3QWRjwAxERTPHYK,Default Response Set,Anonymous,,,67.166.203.19,0,22/03/2017 06:38,22/03/2017 06:40,0,1,1,,,,,,,,,,,,,,,,,,,,,,,,,,,,,,,1,1,2,3,4,Monday,1,2,3,4,Yes,1,Definitely yes,Had a different accent ,13,32,male,right-handed,English,,E1_D_BG_FL,,,-1
R_2y2CW9anP8bCNNP,Default Response Set,Anonymous,,,73.252.95.15,0,22/03/2017 05:43,22/03/2017 05:43,0,1,1,,,,,,,,,,,1,1,2,3,4,Monday,1,2,3,4,,,,,,,,,,,,,,,,,,,,,Yes,1,Definitely yes,None,13,32,female,right-handed,English,,E1_B_BG_BL,,,-1
R_3ktQgcKLdMu2beH,Default Response Set,Anonymous,,,67.231.34.162,0,22/03/2017 05:43,22/03/2017 05:45,0,1,1,,,,,,,,,,,1,1,2,3,4,monday,1,2,3,4,,,,,,,,,,,,,,,,,,,,,Yes,one,Definitely yes,,13,32,male,right-handed,english ,,E1_B_BG_BL,,,-1
R_12g0lfy4MqxErZ5,Default Response Set,Anonymous,,,75.142.177.2,0,22/03/2017 05:50,22/03/2017 05:52,0,1,1,,,,,,,,,,,,,,,,,,,,,,,,,,,,,,,1,1,2,3,4,Thursday,1,2,3,4,Yes,1,Definitely yes,I think my first though might have been wrong.  I don't believe the answer is Thursday.,13,23,male,right-handed,english,,E1_D_BG_FL,,,-1
R_3oAXm7Fn6x2kex8,Default Response Set,Anonymous,,,73.224.90.9,0,22/03/2017 06:46,22/03/2017 06:47,0,1,1,1,1,2,3,4,monday,1,2,3,4,,,,,,,,,,,,,,,,,,,,,,,,,,,,,,,Yes,1,Definitely yes,His justure was backwards,13,36,female,right-handed,english,,E1_A_FG_BL,,,-1
R_24OexVvRtAkZUyY,Default Response Set,Anonymous,,,104.14.110.135,0,22/03/2017 05:43,22/03/2017 05:45,0,1,1,,,,,,,,,,,1,1,2,3,4,monday,1,2,3,4,,,,,,,,,,,,,,,,,,,,,Yes,1,Definitely yes,,13,36,female,left-handed,English,,E1_B_BG_BL,,,-1
R_3sncaYSwYEZflOw,Default Response Set,Anonymous,,,68.64.121.138,0,22/03/2017 06:36,22/03/2017 06:37,0,1,1,,,,,,,,,,,1,1,2,3,4,Monday,1,2,3,4,,,,,,,,,,,,,,,,,,,,,Yes,1,Definitely yes,N/A,13,30,female,right-handed,English,,E1_B_BG_BL,,,-1
R_2uKfcCSxb79LV5Z,Default Response Set,Anonymous,,,184.89.146.22,0,22/03/2017 08:31,22/03/2017 08:32,1,1,1,,,,,,,,,,,,,,,,,,,,,1,1,2,3,4,friday,1,2,3,4,,,,,,,,,,,Yes,1,Definitely yes,,13,41,male,right-handed,English,1,E1_C_FG_FL,28.48069763,-81.55180359,-1
R_2dnnduJmtIjvEBN,Default Response Set,Anonymous,,,128.177.161.180,0,22/03/2017 08:39,22/03/2017 08:40,1,1,1,,,,,,,,,,,1,1,2,3,4,Monday,1,2,3,4,,,,,,,,,,,,,,,,,,,,,Yes,1,Definitely yes,They hand gesture was odd,13,22,female,ambidextrous,English,1,E1_B_BG_BL,39.94689941,-105.2142029,-1
R_3kbTieVX3zJDW44,Default Response Set,Anonymous,,,47.153.134.71,0,22/03/2017 08:40,22/03/2017 08:41,1,1,1,,,,,,,,,,,,,,,,,,,,,,,,,,,,,,,1,1,2,3,4,Monday,1,2,3,4,Yes,1,Probably yes,I wondered if they gestured that way because they sounded foreign.,13,38,female,right-handed,English,1,E1_D_BG_FL,33.77319336,-118.339798,-1
R_1r0UnvUjluzQldE,Default Response Set,Anonymous,,,177.237.19.21,0,22/03/2017 08:49,22/03/2017 08:51,1,1,1,1,1,2,3,4,Monday,1,2,3,4,,,,,,,,,,,,,,,,,,,,,,,,,,,,,,,Yes,1,Definitely yes,,13,29,male,right-handed,"English, Spanish",1,E1_A_FG_BL,28.21670532,-105.3167038,-1
R_2SuHJIDYZ2wMu4W,Default Response Set,Anonymous,,,68.42.168.90,0,22/03/2017 05:47,22/03/2017 05:48,0,1,1,,,,,,,,,,,,,,,,,,,,,1,1,2,3,4,friday,1,2,3,4,,,,,,,,,,,Yes,once,Definitely yes,he had his hand positioned sideways and moved it forward when he said forward,13,28,male,right-handed,english,,E1_C_FG_FL,,,-1
R_25LXql8tCd29vA0,Default Response Set,Anonymous,,,73.224.90.9,0,22/03/2017 06:44,22/03/2017 06:46,0,1,1,,,,,,,,,,,1,1,2,3,4,monday,1,2,3,4,,,,,,,,,,,,,,,,,,,,,Yes,2,Definitely yes,he was direct and to the point,13,39,male,right-handed,english,,E1_B_BG_BL,,,-1
R_3lWC2r42S8i2CSM,Default Response Set,Anonymous,,,68.185.239.53,0,22/03/2017 08:33,22/03/2017 08:34,0,1,1,1,1,2,3,4,Monday,1,2,3,4,,,,,,,,,,,,,,,,,,,,,,,,,,,,,,,Yes,1,Probably yes,"Seemed very unnatural...but besides that, it seemed fine I guess.",13,33,male,right-handed,English,,E1_A_FG_BL,,,-1
R_1DtZymNjLvfMXEO,Default Response Set,Anonymous,,,192.180.140.240,0,22/03/2017 08:33,22/03/2017 08:34,0,1,1,,,,,,,,,,,1,1,2,3,4,Monday,1,2,3,4,,,,,,,,,,,,,,,,,,,,,Yes,2,Definitely yes,,13,36,female,right-handed,English,,E1_B_BG_BL,,,-1
R_3plpwEWeP0PEEAX,Default Response Set,Anonymous,,,107.202.43.166,0,22/03/2017 08:31,22/03/2017 08:31,0,1,1,,,,,,,,,,,,,,,,,,,,,,,,,,,,,,,1,1,2,3,4,friday,1,2,3,4,Yes,1,Definitely yes,he was saying forward but moving his hand backwards (relative to his pov),13,21,male,right-handed,english,,E1_D_BG_FL,,,-1
R_22Ke833SbF4VNCa,Default Response Set,Anonymous,,,174.76.247.219,0,22/03/2017 08:39,22/03/2017 08:42,0,1,1,,,,,,,,,,,,,,,,,,,,,1,1,2,3,4,Monday,1,2,3,4,,,,,,,,,,,Yes,One,Definitely yes,"I feel the question is one that different people could view differently. However, I feel moving something forward means ""earlier"". The gesture of moving his hand forward while emphasizing the word was quite odd.",13,24,female,left-handed,English,,E1_C_FG_FL,,,-1
R_etjP08kENl6Weop,Default Response Set,Anonymous,,,66.25.58.149,0,22/03/2017 08:36,22/03/2017 08:38,0,1,1,1,1,2,3,4,Tuesday,1,2,3,4,,,,,,,,,,,,,,,,,,,,,,,,,,,,,,,Yes,2,Definitely yes,,13,27,female,right-handed,English,,E1_A_FG_BL,,,-1
R_2wvq5VJywZXR23h,Default Response Set,Anonymous,,,107.77.173.3,0,22/03/2017 09:25,22/03/2017 09:27,1,1,1,1,1,2,3,4,Tuesday,1,2,3,4,,,,,,,,,,,,,,,,,,,,,,,,,,,,,,,Yes,1,Definitely yes,,13,24,male,right-handed,english,1,E1_A_FG_BL,29.77020264,-95.3628006,-1
R_22KNbynKBd2G9xk,Default Response Set,Anonymous,,,199.21.164.162,0,22/03/2017 09:26,22/03/2017 09:27,1,1,1,,,,,,,,,,,,,,,,,,,,,1,1,2,3,4,Friday,1,2,3,4,,,,,,,,,,,Yes,1,Definitely yes,no,13,24,male,right-handed,English,1,E1_C_FG_FL,17.30000305,-62.71669769,-1
R_2TY0o534eAToyiP,Default Response Set,Anonymous,,,98.91.0.68,0,22/03/2017 09:26,22/03/2017 09:28,1,1,1,,,,,,,,,,,,,,,,,,,,,,,,,,,,,,,1,1,2,3,4,monday,1,2,3,4,Yes,1,Definitely yes,the person spoke in a weird tone,13,40,male,right-handed,english,1,E1_D_BG_FL,32.96470642,-80.20149994,-1
R_24HtF26YU86N5qQ,Default Response Set,Anonymous,,,198.49.31.110,0,22/03/2017 09:40,22/03/2017 09:41,1,1,1,,,,,,,,,,,1,1,2,3,4,A day backwards from the meeting day,1,2,3,4,,,,,,,,,,,,,,,,,,,,,Yes,1,Definitely yes,no,13,31,male,right-handed,english,1,E1_B_BG_BL,33.64950562,-86.70880127,-1
R_3izfsQL4Pm5h4i7,Default Response Set,Anonymous,,,74.232.62.43,0,22/03/2017 09:42,22/03/2017 09:43,1,1,1,,,,,,,,,,,,,,,,,,,,,,,,,,,,,,,1,1,2,3,4,monday,1,2,3,4,Yes,1,Definitely yes,he said forward but his hand gesture suggests backwards,13,30,female,right-handed,english,1,E1_D_BG_FL,33.5756073,-85.13400269,-1
R_3CIzoRe8OvFYffK,Default Response Set,Anonymous,,,108.245.152.51,0,22/03/2017 05:45,22/03/2017 05:46,0,1,1,1,1,2,3,4,,,,,,,,,,,,,,,,,,,,,,,,,,,,,,,,,,,,,,,,,,,,,,E1_A_FG_BL,,,-1
R_3fI4bACT3K7rh3X,Default Response Set,Anonymous,,,50.134.223.77,0,22/03/2017 09:46,22/03/2017 09:47,1,1,1,,,,,,,,,,,1,1,2,3,4,monday,1,2,3,4,,,,,,,,,,,,,,,,,,,,,Yes,2,Definitely yes,,13,27,male,right-handed,english,1,E1_B_BG_BL,38.85209656,-104.7777023,-1
R_821RFOnKoEimvTj,Default Response Set,Anonymous,,,68.206.234.129,0,22/03/2017 09:46,22/03/2017 09:47,1,1,1,,,,,,,,,,,1,1,2,3,4,Friday,1,2,3,4,,,,,,,,,,,,,,,,,,,,,Yes,1,Definitely yes,The person moved their hand back towards them to show the meeting being moved backwards 2 days.,13,45,female,left-handed,English,1,E1_B_BG_BL,29.98039246,-94.00270081,-1
R_3lt6EG9PwT7dyKw,Default Response Set,Anonymous,,,50.244.162.49,0,22/03/2017 09:46,22/03/2017 09:48,1,1,1,,,,,,,,,,,,,,,,,,,,,,,,,,,,,,,1,1,2,3,4,Friday,1,2,3,4,Yes,1,Definitely yes,,13,31,female,right-handed,English,1,E1_D_BG_FL,26.27850342,-80.1167984,-1
R_3JbgwRuBCyRFoq9,Default Response Set,Anonymous,,,73.100.32.214,0,22/03/2017 09:49,22/03/2017 09:52,1,1,1,1,1,2,3,4,Monday,1,2,3,4,,,,,,,,,,,,,,,,,,,,,,,,,,,,,,,Yes,Twice,Definitely yes,I had to listen twice because of his accent. I just wanted to make sure I heard him correctly.,13,46,male,ambidextrous,English,1,E1_A_FG_BL,43.25549316,-70.88289642,-1
R_30w92QPHh2X1QFY,Default Response Set,Anonymous,,,23.127.177.105,0,22/03/2017 09:52,22/03/2017 09:56,1,1,1,,,,,,,,,,,,,,,,,,,,,,,,,,,,,,,1,1,2,3,4,Monday,1,2,3,4,Yes,1,Definitely yes,"The gesture and what he said seemed to contradict to me, at least as I understood it.",13,49,male,right-handed,English,1,E1_D_BG_FL,35.39019775,-82.37249756,-1
R_3PA0qgBbwfHamZB,Default Response Set,Anonymous,,,66.75.23.122,0,22/03/2017 09:53,22/03/2017 09:56,1,1,1,,,,,,,,,,,,,,,,,,,,,,,,,,,,,,,1,1,2,3,4,The meeting is reschedeled for thursday,1,2,3,4,Yes,1,Definitely yes,The person talked with gestures alot.,13,33,male,right-handed,English,1,E1_D_BG_FL,34.97009277,-116.9929047,-1
R_21iCMrjoCgZzCzq,Default Response Set,Anonymous,,,68.107.115.3,0,22/03/2017 10:05,22/03/2017 10:06,1,1,1,1,1,2,3,4,Monday,1,2,3,4,,,,,,,,,,,,,,,,,,,,,,,,,,,,,,,Yes,1,Definitely yes,"The guy gestured his hand forward as he said ""backward"" which threw me off a little (probably the point?). ",13,31,male,left-handed,English,1,E1_A_FG_BL,32.71910095,-117.1607056,-1
R_1It4v2Gy63pTl5A,Default Response Set,Anonymous,,,72.49.33.26,0,22/03/2017 11:10,22/03/2017 11:11,1,1,1,,,,,,,,,,,,,,,,,,,,,1,1,2,3,4,Monday,1,2,3,4,,,,,,,,,,,Yes,1,Definitely yes,No.,13,25,female,right-handed,English,1,E1_C_FG_FL,39.25489807,-84.2390976,-1
R_1o7LhRFiXXwx6s3,Default Response Set,Anonymous,,,198.24.30.133,0,22/03/2017 11:12,22/03/2017 11:13,1,1,1,,,,,,,,,,,1,1,2,3,4,Monday,1,2,3,4,,,,,,,,,,,,,,,,,,,,,Yes,1,Definitely yes,,13,25,male,right-handed,english,1,E1_B_BG_BL,38.82090759,-77.28910065,-1
R_3Pjo4HV133Fp0Ic,Default Response Set,Anonymous,,,73.244.199.117,0,22/03/2017 11:21,22/03/2017 11:22,1,1,1,,,,,,,,,,,1,1,2,3,4,Monday,1,2,3,4,,,,,,,,,,,,,,,,,,,,,Yes,1,Definitely yes,no,13,55,male,right-handed,english,1,E1_B_BG_BL,26.02119446,-80.1894989,-1
R_2cjUwrFAesvQPBV,Default Response Set,Anonymous,,,75.120.142.146,0,22/03/2017 11:20,22/03/2017 11:23,1,1,1,,,,,,,,,,,,,,,,,,,,,,,,,,,,,,,1,1,2,3,4,Monday,1,2,3,4,Yes,2,Definitely yes,no,13,52,male,right-handed,English,1,E1_D_BG_FL,35.57530212,-93.79229736,-1
R_1MSf0QO2SCI3yoV,Default Response Set,Anonymous,,,50.27.22.249,0,22/03/2017 11:24,22/03/2017 11:27,1,1,1,1,1,2,3,4,Monday,1,2,3,4,,,,,,,,,,,,,,,,,,,,,,,,,,,,,,,Yes,2,Definitely yes,You asked to watch it once but I didn't catch the day so I had to watch it again or I wouldn't be able to answer the question. The gesture was contrary to what he was saying and it distracted me.,13,47,female,right-handed,French,1,E1_A_FG_BL,33.61410522,-101.9573975,-1
R_1OCY0fQZaeWyROM,Default Response Set,Anonymous,,,68.202.116.132,0,22/03/2017 11:25,22/03/2017 11:27,1,1,1,,,,,,,,,,,,,,,,,,,,,1,1,2,3,4,monday,1,2,3,4,,,,,,,,,,,Yes,1,Definitely yes,,13,23,male,right-handed,English,1,E1_C_FG_FL,28.88409424,-81.23480225,-1
R_1FaNi8q9DrMk9cw,Default Response Set,Anonymous,,,12.204.222.254,0,22/03/2017 11:26,22/03/2017 11:32,1,1,1,,,,,,,,,,,1,1,2,3,4,Friday,1,2,3,4,,,,,,,,,,,,,,,,,,,,,Yes,1,Definitely yes,"No problem, thanks!",13,37,male,right-handed,English,1,E1_B_BG_BL,35.04679871,-85.29160309,-1
R_3ffws57Z4TaeMit,Default Response Set,Anonymous,,,70.168.7.208,0,22/03/2017 09:46,22/03/2017 09:49,0,1,1,,,,,,,,,,,,,,,,,,,,,1,1,2,3,4,Monday,1,2,3,4,,,,,,,,,,,Yes,2,Definitely yes,He is a bit odd. Is he from a different planet?,13,61,male,right-handed,English,,E1_C_FG_FL,,,-1
R_z7EwnBSJR12wxBn,Default Response Set,Anonymous,,,129.120.84.108,0,22/03/2017 11:10,22/03/2017 11:13,0,1,1,,,,,,,,,,,,,,,,,,,,,1,1,2,3,4,Monday,1,2,3,4,,,,,,,,,,,Yes,1,Definitely yes,,13,23,male,right-handed,English,,E1_C_FG_FL,,,-1
R_1GBaWgs5nsLxtn8,Default Response Set,Anonymous,,,50.175.164.192,0,22/03/2017 09:25,22/03/2017 09:26,0,1,1,,,,,,,,,,,1,1,2,3,4,Monday,1,2,3,4,,,,,,,,,,,,,,,,,,,,,Yes,2,Definitely yes,None,13,31,male,right-handed,English,,E1_B_BG_BL,,,-1
R_4YKB5FAjZjEjECR,Default Response Set,Anonymous,,,50.102.65.230,0,22/03/2017 12:42,22/03/2017 12:44,1,1,1,,,,,,,,,,,,,,,,,,,,,1,1,2,3,4,Monday,1,2,3,4,,,,,,,,,,,Yes,1,Definitely yes,,13,31,female,right-handed,English,1,E1_C_FG_FL,41.03939819,-85.23220062,-1
R_3MrLrdjmzT0Gzfq,Default Response Set,Anonymous,,,73.132.86.105,0,22/03/2017 12:51,22/03/2017 12:53,1,1,1,,,,,,,,,,,1,1,2,3,4,Friday,1,2,3,4,,,,,,,,,,,,,,,,,,,,,Yes,One,Definitely yes,"I thought the gesture indicated that it was Monday, but ultimately felt that was ridiculous (people universally say ""moved forwards"" to indicate such a change.)",13,23,male,right-handed,English,1,E1_B_BG_BL,39.44059753,-77.81369781,-1
R_1jw6Ltf6S7BJt11,Default Response Set,Anonymous,,,104.228.143.186,0,22/03/2017 12:57,22/03/2017 12:58,1,1,1,,,,,,,,,,,1,1,2,3,4,Monday,1,2,3,4,,,,,,,,,,,,,,,,,,,,,Yes,1,Definitely yes,,13,28,male,right-handed,English,1,E1_B_BG_BL,42.92640686,-78.74790192,-1
R_2PbO4kakvQu3bli,Default Response Set,Anonymous,,,50.25.67.183,0,22/03/2017 12:56,22/03/2017 12:59,1,1,1,,,,,,,,,,,,,,,,,,,,,,,,,,,,,,,1,1,2,3,4,Monday,1,2,3,4,Yes,1,Definitely yes,It was awkward seeing him move backward but saying forward,13,37,female,right-handed,English,1,E1_D_BG_FL,37.86610413,-82.34770203,-1
R_20TcktQqvFS85Ih,Default Response Set,Anonymous,,,50.139.148.122,0,22/03/2017 13:00,22/03/2017 13:02,1,1,1,,,,,,,,,,,,,,,,,,,,,,,,,,,,,,,1,1,2,3,4,Monday,1,2,3,4,Yes,1,Definitely yes,"Their delivery was odd and they had an accent that I couldn't quite identify. Not that that's a negative, just what I observed.",13,42,male,right-handed,English,1,E1_D_BG_FL,42.11860657,-72.54989624,-1
R_20TK4PPfm62jSOZ,Default Response Set,Anonymous,,,68.2.67.191,0,22/03/2017 13:05,22/03/2017 13:07,1,1,1,,,,,,,,,,,,,,,,,,,,,,,,,,,,,,,1,1,2,3,4,Friday,1,2,3,4,Yes,1,Definitely yes,I'm not sure why he was holding his open hand out.,13,54,female,right-handed,English,1,E1_D_BG_FL,33.44030762,-111.8536987,-1
R_2qfLvEVFzAFx7RG,Default Response Set,Anonymous,,,104.244.222.78,0,22/03/2017 13:04,22/03/2017 13:07,1,1,1,1,1,2,3,4,Monday,1,2,3,4,,,,,,,,,,,,,,,,,,,,,,,,,,,,,,,Yes,1,Definitely yes,No,13,23,female,right-handed,"English, Vietnamese",1,E1_A_FG_BL,47.57159424,-122.3327026,-1
R_1INxsXkGSUhs1UE,Default Response Set,Anonymous,,,104.174.223.0,0,22/03/2017 13:05,22/03/2017 13:07,1,1,1,,,,,,,,,,,,,,,,,,,,,,,,,,,,,,,1,1,2,3,4,Monday,1,2,3,4,Yes,1,Definitely yes,None,13,27,male,right-handed,English,1,E1_D_BG_FL,34.07899475,-117.8493958,-1
R_DTQk8mk4S248AHn,Default Response Set,Anonymous,,,24.93.137.110,0,22/03/2017 13:05,22/03/2017 13:08,1,1,1,,,,,,,,,,,,,,,,,,,,,1,1,2,3,4,Next Friday,1,2,3,4,,,,,,,,,,,Yes,1,Definitely yes,He was a young white man with short hair.,13,24,male,right-handed,English,1,E1_C_FG_FL,44.17329407,-69.12480164,-1
R_D7P16Kk7Sd12wuJ,Default Response Set,Anonymous,,,192.5.215.225,0,22/03/2017 13:08,22/03/2017 13:09,1,1,1,,,,,,,,,,,1,1,2,3,4,monday,1,2,3,4,,,,,,,,,,,,,,,,,,,,,Yes,1,Definitely yes,,13,20,female,right-handed,english,1,E1_B_BG_BL,38.83569336,-77.33750153,-1
R_2aFW9kPyfsZGvOR,Default Response Set,Anonymous,,,24.225.84.65,0,22/03/2017 13:10,22/03/2017 13:11,1,1,1,,,,,,,,,,,,,,,,,,,,,1,1,2,3,4,Monday,1,2,3,4,,,,,,,,,,,Yes,1,Definitely yes,,13,43,male,right-handed,english,1,E1_C_FG_FL,35.96659851,-79.04100037,-1
R_3G8jqOW5WTBjtpH,Default Response Set,Anonymous,,,76.203.193.126,0,22/03/2017 09:24,22/03/2017 09:26,0,1,1,,,,,,,,,,,,,,,,,,,,,1,1,2,3,4,Friday,1,2,3,4,,,,,,,,,,,Yes,1,Definitely yes,Wednesday's meeting moved to Friday.,13,38,female,left-handed,English,,E1_C_FG_FL,,,-1
R_1hRzsx01TMqCHdI,Default Response Set,Anonymous,,,73.64.44.32,0,22/03/2017 09:46,22/03/2017 09:47,0,1,1,1,1,2,3,4,Monday,1,2,3,4,,,,,,,,,,,,,,,,,,,,,,,,,,,,,,,Yes,1,Definitely yes,I was a bit confused on why he moved his hand forward when he was saying that the meeting was moved back.,13,34,female,right-handed,english,,E1_A_FG_BL,,,-1
R_YabW4mbJHamQ2qZ,Default Response Set,Anonymous,,,199.227.131.146,0,22/03/2017 11:25,22/03/2017 11:26,0,1,1,1,1,2,3,4,Monday,1,2,3,4,,,,,,,,,,,,,,,,,,,,,,,,,,,,,,,Yes,1,Definitely yes,This was great!,13,30,male,right-handed,English,,E1_A_FG_BL,,,-1
R_PLDRLvcrUQtDlmh,Default Response Set,Anonymous,,,24.12.154.253,0,22/03/2017 09:25,22/03/2017 09:26,0,1,1,,,,,,,,,,,,,,,,,,,,,,,,,,,,,,,1,1,2,3,4,Monday,1,2,3,4,Yes,1,Definitely yes,The person had his hand out in front of him.,13,29,male,right-handed,English,,E1_D_BG_FL,,,-1
R_2Y5j8xV8lIa0QXA,Default Response Set,Anonymous,,,50.38.109.119,0,22/03/2017 13:28,22/03/2017 13:30,1,1,1,,,,,,,,,,,,,,,,,,,,,,,,,,,,,,,1,1,2,3,4,friday,1,2,3,4,Yes,1,Definitely yes,he had his arm bent in like he was serious,13,37,male,right-handed,english,1,E1_D_BG_FL,45.478302,-123.2073975,-1
R_25KQoQOaPkya03u,Default Response Set,Anonymous,,,72.208.193.156,0,22/03/2017 13:30,22/03/2017 13:32,1,1,1,,,,,,,,,,,1,1,2,3,4,monday,1,2,3,4,,,,,,,,,,,,,,,,,,,,,Yes,1,Definitely yes,n/a,13,35,male,right-handed,english,1,E1_B_BG_BL,33.24789429,-111.7894974,-1
R_22skNpFxfHfIunQ,Default Response Set,Anonymous,,,24.225.119.55,0,22/03/2017 13:29,22/03/2017 13:33,1,1,1,,,,,,,,,,,,,,,,,,,,,1,1,2,3,4,Monday,1,2,3,4,,,,,,,,,,,Yes,1,Definitely yes,"I really wasn't sure whether he meant two days earlier or later.  I guess I'd normally take ""forward"" to mean earlier.  Not sure whether the hand gesture added to that feeling or detracted from it, since it was coming at me (to suggest earlier), but it was coming from the guy, so maybe he was doing it in relation to himself.  Also, I only watched the video once and didn't 100% remember if he said Wednesday meeting or Thursday meeting (I was distracted by his strange posture).  Either way I wanted my answer to be two days earlier, so either Monday or Tuesday, depending on what the original day was.",13,39,male,right-handed,English,1,E1_C_FG_FL,48.14639282,-96.17649841,-1
R_1I3MScJHeL4GWhs,Default Response Set,Anonymous,,,73.204.38.204,0,22/03/2017 13:32,22/03/2017 13:33,1,1,1,1,1,2,3,4,Monday,1,2,3,4,,,,,,,,,,,,,,,,,,,,,,,,,,,,,,,Yes,1,Definitely yes,He had an accent,13,40,male,right-handed,english,1,E1_A_FG_BL,26.63859558,-80.25119781,-1
R_vwBhekSzXLYMZbj,Default Response Set,Anonymous,,,50.248.157.1,0,22/03/2017 13:32,22/03/2017 13:34,1,1,1,,,,,,,,,,,,,,,,,,,,,1,1,2,3,4,Monday,1,2,3,4,,,,,,,,,,,Yes,1,Definitely yes,"He said ""forward"" and gestured, that it would be going in front of him; kind of seems misleading as the wording means it was moved to Monday, but his gesture makes me think its being 'pushed' to Friday.",13,28,male,left-handed,English,1,E1_C_FG_FL,40.55160522,-74.46369934,-1
R_22Ly6NZDUgt02LC,Default Response Set,Anonymous,,,174.21.235.135,0,22/03/2017 13:29,22/03/2017 13:36,1,1,1,1,1,2,3,4,Monday,1,2,3,4,,,,,,,,,,,,,,,,,,,,,,,,,,,,,,,Yes,2,Definitely yes,The man moved his hand forward when speaking,13,29,female,ambidextrous,English,1,E1_A_FG_BL,47.64759827,-122.5363998,-1
R_2bUh0iFWn6B1Ehs,Default Response Set,Anonymous,,,4.15.246.7,0,22/03/2017 09:45,22/03/2017 09:49,0,1,1,,,,,,,,,,,,,,,,,,,,,1,1,2,3,4,,,,,,,,,,,,,,,,,,,,,,,,,,E1_C_FG_FL,,,-1
R_3ktgNpzv21xCNEE,Default Response Set,Anonymous,,,24.249.31.91,0,22/03/2017 10:03,22/03/2017 10:03,0,1,1,,,,,,,,,,,1,1,2,3,4,,,,,,,,,,,,,,,,,,,,,,,,,,,,,,,,,,,,E1_B_BG_BL,,,-1
R_2BhuA4Pf2mCkCDV,Default Response Set,Anonymous,,,208.78.251.48,0,22/03/2017 14:50,22/03/2017 14:51,1,1,1,,,,,,,,,,,1,1,2,3,4,Friday,1,2,3,4,,,,,,,,,,,,,,,,,,,,,Yes,1,Definitely yes,,13,26,male,right-handed,english,1,E1_B_BG_BL,36.57220459,-88.57420349,-1
R_2rPFsItPbvFvwwr,Default Response Set,Anonymous,,,173.175.168.39,0,22/03/2017 14:53,22/03/2017 14:54,1,1,1,1,1,2,3,4,Monday,1,2,3,4,,,,,,,,,,,,,,,,,,,,,,,,,,,,,,,Yes,1,Definitely yes,He moved his hand forward,13,29,male,right-handed,English,1,E1_A_FG_BL,31.78320313,-106.4975967,-1
R_1HeOZrpy6xlypK2,Default Response Set,Anonymous,,,47.211.101.42,0,22/03/2017 14:57,22/03/2017 14:58,1,1,1,,,,,,,,,,,1,1,2,3,4,Monday,1,2,3,4,,,,,,,,,,,,,,,,,,,,,Yes,2,Definitely yes,None,13,26,male,right-handed,English,1,E1_B_BG_BL,31.32240295,-92.43430328,-1
R_2xUUFgLfcdOdHbj,Default Response Set,Anonymous,,,216.47.56.214,0,22/03/2017 14:59,22/03/2017 15:00,1,1,1,,,,,,,,,,,,,,,,,,,,,,,,,,,,,,,1,1,2,3,4,Friday,1,2,3,4,Yes,1,Definitely yes,,13,35,female,right-handed,English,1,E1_D_BG_FL,47.5625,-115.4420013,-1
R_21hRhWuPCODqdOM,Default Response Set,Anonymous,,,70.199.153.117,0,22/03/2017 15:00,22/03/2017 15:01,1,1,1,,,,,,,,,,,1,1,2,3,4,monday,1,2,3,4,,,,,,,,,,,,,,,,,,,,,Yes,,Probably yes,,13,26,female,right-handed,english,1,E1_B_BG_BL,47.38090515,-122.2348022,-1
R_yw2t29j80eyPOYV,Default Response Set,Anonymous,,,134.228.86.137,0,22/03/2017 11:10,22/03/2017 11:11,0,1,1,,,,,,,,,,,,,,,,,,,,,1,1,2,3,4,,,,,,,,,,,,,,,,,,,,,,,,,,E1_C_FG_FL,,,-1
R_2BzB7oa9Udd3CZr,Default Response Set,Anonymous,,,198.24.30.133,0,22/03/2017 11:11,22/03/2017 11:12,0,1,1,1,1,2,3,4,asd,1,2,3,4,,,,,,,,,,,,,,,,,,,,,,,,,,,,,,,,,,,,,,,,,E1_A_FG_BL,,,-1
R_1CDRCPfhKByJN2J,Default Response Set,Anonymous,,,75.110.63.56,0,22/03/2017 15:11,22/03/2017 15:13,1,1,1,1,1,2,3,4,Friday,1,2,3,4,,,,,,,,,,,,,,,,,,,,,,,,,,,,,,,Yes,2,Definitely yes,,13,37,male,right-handed,English,1,E1_A_FG_BL,35.68760681,-77.16609955,-1
R_3LZleIiIfypTDpE,Default Response Set,Anonymous,,,74.222.112.125,0,22/03/2017 12:44,22/03/2017 12:45,0,1,1,1,1,2,3,4,monday ,1,2,3,4,,,,,,,,,,,,,,,,,,,,,,,,,,,,,,,Yes,1,Definitely yes,,13,24,female,right-handed,english,,E1_A_FG_BL,,,-1
R_sTIE8V132dbg2fn,Default Response Set,Anonymous,,,207.250.21.224,0,22/03/2017 12:45,22/03/2017 12:47,0,1,,,,,,,,,,,,,,,,,,,,,,,,,,,,,,,,,,,,,,,,,,,,,,,,,,,,,,,-1
R_33s4dQnOr0GFNnf,Default Response Set,Anonymous,,,45.36.161.66,0,22/03/2017 12:45,22/03/2017 12:46,0,1,1,,,,,,,,,,,,,,,,,,,,,1,1,2,3,4,Monday,1,2,3,4,,,,,,,,,,,Yes,1,Definitely yes,He was speaking a little slow,13,23,male,right-handed,English,,E1_C_FG_FL,,,-1
R_2Y5JjMOgquoFqzD,Default Response Set,Anonymous,,,73.3.216.99,0,22/03/2017 12:56,22/03/2017 12:56,0,1,1,,,,,,,,,,,,,,,,,,,,,,,,,,,,,,,,,,,,,,,,,,,,,,,,,,,E1_A_FG_BL,,,-1
R_23W7FuDgLCyxMD1,Default Response Set,Anonymous,,,98.236.191.48,0,22/03/2017 12:58,22/03/2017 12:59,0,1,1,,,,,,,,,,,,,,,,,,,,,1,1,2,3,4,friday,1,2,3,4,,,,,,,,,,,,,,,,,,,,,E1_C_FG_FL,,,-1
R_1NsjPU8cDBp57WM,Default Response Set,Anonymous,,,136.61.69.96,0,22/03/2017 13:05,22/03/2017 13:06,0,1,1,1,1,2,3,4,two days before,1,2,3,4,,,,,,,,,,,,,,,,,,,,,,,,,,,,,,,Yes,`,Definitely yes,,13,44,female,left-handed,English,,E1_A_FG_BL,,,-1
R_2yaop901uLkuqEK,Default Response Set,Anonymous,,,98.237.133.19,0,22/03/2017 12:41,22/03/2017 12:42,0,1,1,,,,,,,,,,,,,,,,,,,,,,,,,,,,,,,1,1,2,3,4,Monday,1,2,3,4,Yes,1,Definitely yes,interesting looking guy,13,26,male,right-handed,English,,E1_D_BG_FL,,,-1
R_viZDPsxs9pgLD8t,Default Response Set,Anonymous,,,76.94.166.195,0,22/03/2017 12:42,22/03/2017 12:43,0,1,1,,,,,,,,,,,,,,,,,,,,,,,,,,,,,,,1,1,2,3,4,friday,1,2,3,4,Yes,1,Definitely yes,"the forwards gesture was towards him, which was kind of weird.",13,26,male,left-handed,English,,E1_D_BG_FL,,,-1
R_6mRbvmpBTEVroZP,Default Response Set,Anonymous,,,108.237.50.190,0,22/03/2017 12:41,22/03/2017 12:44,0,1,1,,,,,,,,,,,1,1,2,3,4,monday,1,2,3,4,,,,,,,,,,,,,,,,,,,,,Yes,1,Definitely yes,I was asked what day of the week was the meeting rescheduled to which was 2 days prior to WEDS,13,27,male,right-handed,english,,E1_B_BG_BL,,,-1
R_3efsKOpvVj4tmEE,Default Response Set,Anonymous,,,32.213.48.207,0,22/03/2017 13:09,22/03/2017 13:09,0,1,,,,,,,,,,,,,,,,,,,,,,,,,,,,,,,,,,,,,,,,,,,,,,,,,,,,,,,-1
R_6uo73pfcKT7Xhwl,Default Response Set,Anonymous,,,108.185.235.3,0,22/03/2017 13:10,22/03/2017 13:13,0,1,1,1,1,2,3,4,backwards two days. Monday,1,2,3,4,,,,,,,,,,,,,,,,,,,,,,,,,,,,,,,Yes,1,Definitely yes,no,13,47,female,right-handed,english,,E1_A_FG_BL,,,-1
R_2f5zhWbsm6gurBv,Default Response Set,Anonymous,,,67.184.217.144,0,22/03/2017 13:28,22/03/2017 13:30,0,1,1,,,,,,,,,,,1,1,2,3,4,Monday,1,2,3,4,,,,,,,,,,,,,,,,,,,,,Yes,1,Definitely yes,,13,36,male,right-handed,english,,E1_B_BG_BL,,,-1
R_3Ra4FxMBAJuF69y,Default Response Set,Anonymous,,,104.35.159.124,0,22/03/2017 13:29,22/03/2017 13:31,0,1,1,,,,,,,,,,,,,,,,,,,,,,,,,,,,,,,1,1,2,3,4,Monday,1,2,3,4,Yes,"2, it was buffering badly again so I had to replay it from the beginning.",Definitely yes,"The video didn't load correctly at first, it kept starting and stopping.",13,52,female,right-handed,English,,E1_D_BG_FL,,,-1
R_2BrhoxH6S8qmhb6,Default Response Set,Anonymous,,,184.16.122.253,0,22/03/2017 13:29,22/03/2017 13:31,0,1,1,1,1,2,3,4,Friday,1,2,3,4,,,,,,,,,,,,,,,,,,,,,,,,,,,,,,,Yes,1,Definitely yes,,13,38,female,right-handed,English,,E1_A_FG_BL,,,-1
R_TnDB8UkWksSU6pb,Default Response Set,Anonymous,,,24.249.126.45,0,22/03/2017 14:52,22/03/2017 14:53,0,1,1,,,,,,,,,,,,,,,,,,,,,1,1,2,3,4,Monday,1,2,3,4,,,,,,,,,,,Yes,1,Definitely yes,,13,23,female,right-handed,English,,E1_C_FG_FL,,,-1
R_3EII4owuyfvx76V,Default Response Set,Anonymous,,,173.175.168.39,0,22/03/2017 14:50,22/03/2017 14:54,0,1,1,,,,,,,,,,,,,,,,,,,,,,,,,,,,,,,1,1,2,3,4,,,,,,,,,,,,,,,,E1_D_BG_FL,,,-1
R_1n0xWMG5D2EheNZ,Default Response Set,Anonymous,,,68.106.234.85,0,22/03/2017 14:59,22/03/2017 15:00,0,1,1,,,,,,,,,,,,,,,,,,,,,,,,,,,,,,,,,,,,,,,,,,,,,,,,,,,E1_D_BG_FL,,,-1
R_3NPy9BbHHr08LxP,Default Response Set,Anonymous,,,108.73.39.114,0,22/03/2017 15:02,22/03/2017 15:04,0,1,1,,,,,,,,,,,,,,,,,,,,,1,1,2,3,4,Friday,1,2,3,4,,,,,,,,,,,Yes,1,Definitely yes,No.,13,60,male,left-handed,English,,E1_C_FG_FL,,,-1
R_5b6dvOAZSylkJK9,Default Response Set,Anonymous,,,74.110.161.128,0,22/03/2017 13:06,22/03/2017 13:07,0,1,1,,,,,,,,,,,1,1,2,3,4,Next Monday,1,2,3,4,,,,,,,,,,,,,,,,,,,,,Yes,2,Definitely yes,,13,34,male,right-handed,English,,E1_B_BG_BL,,,-1
R_3FOIguAd2Q98h9h,Default Response Set,Anonymous,,,173.224.109.242,0,22/03/2017 14:50,22/03/2017 14:53,0,1,1,,,,,,,,,,,,,,,,,,,,,1,1,2,3,4,friday,1,2,3,4,,,,,,,,,,,Yes,1,Definitely yes,it seemed kinda odd,13,33,male,right-handed,english,,E1_C_FG_FL,,,-1
R_1rqYwtXhzs2flMo,Default Response Set,Anonymous,,,96.41.186.199,0,23/03/2017 08:38,23/03/2017 08:39,1,1,1,,,,,,,,,,,,,,,,,,,,,,,,,,,,,,,1,1,2,3,4,Friday,1,2,3,4,Yes,1,Definitely yes,There was a lag in the video that messed up the sync of audio and video that kind of threw me off.,13,42,female,left-handed,English,1,E1_D_BG_FL,43.4835968,-124.1632996,-1
R_2q4o7ZTjq7R7Lhg,Default Response Set,Anonymous,,,72.83.12.78,0,23/03/2017 08:43,23/03/2017 08:44,1,1,1,,,,,,,,,,,,,,,,,,,,,,,,,,,,,,,1,1,2,3,4,Friday,1,2,3,4,Yes,1,Definitely yes,no,13,22,female,right-handed,English,1,E1_D_BG_FL,38.98269653,-77.34010315,-1
R_2P75YR8b3Imcsrd,Default Response Set,Anonymous,,,72.24.115.0,0,23/03/2017 08:44,23/03/2017 08:45,1,1,1,,,,,,,,,,,1,1,2,3,4,Monday,1,2,3,4,,,,,,,,,,,,,,,,,,,,,Yes,1,Definitely yes,none,13,41,female,right-handed,english,1,E1_B_BG_BL,33.43409729,-88.35649872,-1
R_1E6ZGMCWBU5QB9l,Default Response Set,Anonymous,,,74.195.124.158,0,23/03/2017 09:01,23/03/2017 09:05,1,1,1,1,1,2,3,4,Next Monday ,1,2,3,4,,,,,,,,,,,,,,,,,,,,,,,,,,,,,,,Yes,2,Definitely yes,No. ,13,31,male,right-handed,English,1,E1_A_FG_BL,35.16130066,-101.8789978,-1
R_1NENTlZ5ZdBAgsB,Default Response Set,Anonymous,,,108.254.224.255,0,23/03/2017 10:13,23/03/2017 10:14,1,1,1,,,,,,,,,,,,,,,,,,,,,1,1,2,3,4,Monday,1,2,3,4,,,,,,,,,,,Yes,1,Definitely yes,,13,27,female,right-handed,English,1,E1_C_FG_FL,34.61700439,-89.90799713,-1
R_2rihIHNxq3giTmh,Default Response Set,Anonymous,,,73.43.39.221,0,23/03/2017 10:14,23/03/2017 10:15,1,1,1,,,,,,,,,,,1,1,2,3,4,Monday,1,2,3,4,,,,,,,,,,,,,,,,,,,,,Yes,1,Definitely yes,It was hard to understand them,13,29,male,right-handed,English,1,E1_B_BG_BL,33.77189636,-84.37709808,-1
R_1pzJF4YR8ONBJUp,Default Response Set,Anonymous,,,73.230.123.122,0,23/03/2017 10:13,23/03/2017 10:16,1,1,1,,,,,,,,,,,,,,,,,,,,,,,,,,,,,,,1,1,2,3,4,Monday,1,2,3,4,Yes,1,Definitely yes,,13,58,male,left-handed,English,1,E1_D_BG_FL,40.79750061,-77.90209961,-1
R_1IWWqrDC81g3H9S,Default Response Set,Anonymous,,,24.139.88.182,0,23/03/2017 10:14,23/03/2017 10:16,1,1,1,1,1,2,3,4,Monday,1,2,3,4,,,,,,,,,,,,,,,,,,,,,,,,,,,,,,,Yes,1,Probably yes,,13,31,female,left-handed,english,1,E1_A_FG_BL,18.29389954,-67.13009644,-1
R_2VO7RUxj3MEfn22,Default Response Set,Anonymous,,,98.221.117.79,0,23/03/2017 10:14,23/03/2017 10:16,1,1,1,,,,,,,,,,,,,,,,,,,,,,,,,,,,,,,1,1,2,3,4,Sunday,1,2,3,4,Yes,1,Definitely yes,His mannerisms seemed stiff.,13,53,female,right-handed,English,1,E1_D_BG_FL,39.3914032,-74.51820374,-1
R_3EbVrmICT7BrxLC,Default Response Set,Anonymous,,,73.224.65.241,0,23/03/2017 10:20,23/03/2017 10:21,1,1,1,,,,,,,,,,,,,,,,,,,,,1,1,2,3,4,Friday,1,2,3,4,,,,,,,,,,,Yes,1,Definitely yes,none,13,34,male,left-handed,english,1,E1_C_FG_FL,30.09660339,-81.71900177,-1
R_T1IcZ86ZfXH1fvb,Default Response Set,Anonymous,,,216.15.59.152,0,23/03/2017 10:20,23/03/2017 10:22,1,1,1,1,1,2,3,4,Monday,1,2,3,4,,,,,,,,,,,,,,,,,,,,,,,,,,,,,,,Yes,2,Definitely yes,N/A,13,24,male,right-handed,English,1,E1_A_FG_BL,38.93449402,-77.05960083,-1
R_2wmEHnFdZvnWzB7,Default Response Set,Anonymous,,,69.14.112.43,0,23/03/2017 08:36,23/03/2017 08:36,0,1,,,,,,,,,,,,,,,,,,,,,,,,,,,,,,,,,,,,,,,,,,,,,,,,,,,,,,,-1
R_262OqkjywIazIFx,Default Response Set,Anonymous,,,75.182.58.106,0,23/03/2017 08:36,23/03/2017 08:37,0,1,1,,,,,,,,,,,,,,,,,,,,,1,1,2,3,4,Friday,1,2,3,4,,,,,,,,,,,Yes,1,Definitely yes,he was using his hands to gesture ,13,37,female,right-handed,english,,E1_C_FG_FL,,,-1
R_1i9dutWjAmI3bTr,Default Response Set,Anonymous,,,173.31.242.168,0,23/03/2017 08:37,23/03/2017 08:38,0,1,1,,,,,,,,,,,1,1,2,3,4,Monday,1,2,3,4,,,,,,,,,,,,,,,,,,,,,Yes,1,Definitely yes,,13,31,female,right-handed,English,,E1_B_BG_BL,,,-1
R_1n2tMoVAuYcfYUo,Default Response Set,Anonymous,,,66.69.128.152,0,23/03/2017 08:39,23/03/2017 08:39,0,1,1,1,1,2,3,4,monday,1,2,3,4,,,,,,,,,,,,,,,,,,,,,,,,,,,,,,,Yes,1,Definitely yes,,13,25,male,right-handed,english,,E1_A_FG_BL,,,-1
R_2uIB6EOtuOdctAV,Default Response Set,Anonymous,,,73.67.112.12,0,23/03/2017 08:42,23/03/2017 08:43,0,1,1,1,1,2,3,4,monday,1,2,3,4,,,,,,,,,,,,,,,,,,,,,,,,,,,,,,,Yes,2,Definitely yes,,13,24,female,left-handed,english,,E1_A_FG_BL,,,-1
R_3qE6DvzifbMDys5,Default Response Set,Anonymous,,,67.134.55.204,0,23/03/2017 09:01,23/03/2017 09:02,0,1,1,,,,,,,,,,,,,,,,,,,,,1,1,2,3,4,Friday,1,2,3,4,,,,,,,,,,,Yes,once,Definitely yes,,13,49,female,right-handed,English,,E1_C_FG_FL,,,-1
R_2WPfAdJIxehqsbm,Default Response Set,Anonymous,,,173.67.141.50,0,23/03/2017 10:13,23/03/2017 10:14,0,1,1,,,,,,,,,,,1,1,2,3,4,monday,1,2,3,4,,,,,,,,,,,,,,,,,,,,,Yes,1,Probably yes,no,13,23,female,right-handed,english,,E1_B_BG_BL,,,-1
R_2xW6AU80luV5TZ3,Default Response Set,Anonymous,,,50.83.75.194,0,23/03/2017 10:20,23/03/2017 10:21,0,1,1,,,,,,,,,,,,,,,,,,,,,1,1,2,3,4,thursday,1,2,3,4,,,,,,,,,,,Yes,1,Definitely yes,no,13,26,female,right-handed,english,,E1_C_FG_FL,,,-1
R_2CiWYSF3uu9bMnq,Default Response Set,Anonymous,,,47.33.201.241,0,24/03/2017 10:26,24/03/2017 10:28,1,1,1,,,,,,,,,,,,,,,,,,,,,,,,,,,,,,,1,1,2,3,4,They didn't say. Just that it would be moved forward 2 days.,1,2,3,4,Yes,1,Definitely yes,"When he said moved forward, he pulled his hand back to his chest.",13,27,female,right-handed,English,1,E1_D_BG_FL,43.04429626,-83.51920319,-1
R_1pE88W9LuGGd8QI,Default Response Set,Anonymous,,,199.107.68.203,0,24/03/2017 10:27,24/03/2017 10:29,1,1,1,,,,,,,,,,,,,,,,,,,,,,,,,,,,,,,1,1,2,3,4,Monday,1,2,3,4,Yes,once,Definitely yes,It was a bit confusing due to the hand gesture,13,39,male,right-handed,English,1,E1_D_BG_FL,39.7460022,-75.54660034,-1
R_30ppHtHlBxaDeYI,Default Response Set,Anonymous,,,136.61.83.179,0,24/03/2017 10:26,24/03/2017 10:30,1,1,1,,,,,,,,,,,1,1,2,3,4,Monday,1,2,3,4,,,,,,,,,,,,,,,,,,,,,Yes,1,Definitely yes," The gesture was odd enough that it got all my attention. It isn't a usual gesture for backwards. I got the impression that the meeting was initially scheduled on Wednesday, but I can't actually remember if he said that. The instructions said that the initial reaction was desired, so I did not re-watch the video.",13,29,male,right-handed,English,1,E1_B_BG_BL,39.10580444,-94.59329987,-1
R_XEUiaF3PSiRXUlz,Default Response Set,Anonymous,,,73.163.207.223,0,24/03/2017 10:35,24/03/2017 10:36,1,1,1,,,,,,,,,,,,,,,,,,,,,,,,,,,,,,,1,1,2,3,4,Friday,1,2,3,4,Yes,1,Definitely yes,No,13,38,female,right-handed,English,1,E1_D_BG_FL,39.27839661,-76.55699921,-1
R_1jBrjF9qPLG8sA8,Default Response Set,Anonymous,,,173.113.222.62,0,24/03/2017 10:36,24/03/2017 10:38,1,1,1,1,1,2,3,4,Monday,1,2,3,4,,,,,,,,,,,,,,,,,,,,,,,,,,,,,,,Yes,1,Definitely yes,,13,43,female,right-handed,English,1,E1_A_FG_BL,39.96530151,-83.02349854,-1
R_O7lvewS79NtJ84N,Default Response Set,Anonymous,,,73.97.50.67,0,24/03/2017 10:36,24/03/2017 10:39,1,1,1,1,1,2,3,4,"I didn't understand, It's unclear what date it's been moved to, it was moved FROM Wednesday.",1,2,3,4,,,,,,,,,,,,,,,,,,,,,,,,,,,,,,,Yes,3,Definitely yes,,13,42,male,right-handed,English,1,E1_A_FG_BL,47.63479614,-117.2585983,-1
R_1EioREn5OD1jOWd,Default Response Set,Anonymous,,,67.247.147.179,0,24/03/2017 10:41,24/03/2017 10:42,1,1,1,,,,,,,,,,,1,1,2,3,4,Monday,1,2,3,4,,,,,,,,,,,,,,,,,,,,,Yes,2,Definitely yes,,13,23,male,right-handed,English,1,E1_B_BG_BL,43.17900085,-77.55500031,-1
R_1oHog0uHoYwJWc8,Default Response Set,Anonymous,,,76.25.116.161,0,24/03/2017 10:41,24/03/2017 10:42,1,1,1,,,,,,,,,,,,,,,,,,,,,1,1,2,3,4,Friday,1,2,3,4,,,,,,,,,,,Yes,1,Probably yes,None,13,33,female,right-handed,English,1,E1_C_FG_FL,39.48950195,-104.767601,-1
R_3MKFt0JzYhNvV0c,Default Response Set,Anonymous,,,198.147.202.114,0,24/03/2017 10:40,24/03/2017 10:42,1,1,1,,,,,,,,,,,,,,,,,,,,,,,,,,,,,,,1,1,2,3,4,Monday,1,2,3,4,Yes,1,Definitely yes,They seem confident and organized.,13,32,male,right-handed,English,1,E1_D_BG_FL,39.5644989,-75.59700012,-1
R_UAxm7crebytZfQl,Default Response Set,Anonymous,,,71.251.200.33,0,24/03/2017 10:44,24/03/2017 10:45,1,1,1,,,,,,,,,,,,,,,,,,,,,,,,,,,,,,,1,1,2,3,4,Monday,1,2,3,4,Yes,1,Definitely yes,"Not really, although he asked an interesting question as far as how people will respond.",13,29,male,right-handed,English,1,E1_D_BG_FL,40.74580383,-74.03209686,-1
R_24vjzvB4Ef8b8JC,Default Response Set,Anonymous,,,147.188.129.99,0,17/03/2017 12:23,17/03/2017 12:23,0,1,1,1,1,2,3,4,,,,,,,,,,,,,,,,,,,,,,,,,,,,,,,,,,,,,,,,,,,,,,E1_A_FG_BL,,,-1
R_2cchbyhOVN7H8De,Default Response Set,Anonymous,,,86.31.249.104,0,17/03/2017 12:32,17/03/2017 12:33,0,1,1,,,,,,,,,,,1,1,2,3,4,,1,2,3,4,,,,,,,,,,,,,,,,,,,,,,,,,,,,,,,E1_B_BG_BL,,,-1
R_2E0m0zDXpvB5bRb,Default Response Set,Anonymous,,,24.61.163.0,0,24/03/2017 10:28,24/03/2017 10:29,0,1,1,,,,,,,,,,,,,,,,,,,,,1,1,2,3,4,Monday,1,2,3,4,,,,,,,,,,,Yes,1,Definitely yes,none,13,33,male,right-handed,English,,E1_C_FG_FL,,,-1
R_10I4dUabaBFp5Dt,Default Response Set,Anonymous,,,108.29.177.240,0,24/03/2017 10:29,24/03/2017 10:31,0,1,1,1,1,2,3,4,Saturday,1,2,3,4,,,,,,,,,,,,,,,,,,,,,,,,,,,,,,,Yes,1,Definitely yes,"He seemed like a European chap, who used odd hand gestures as though he were holding a sheet of paper.",13,34,male,left-handed,"English, Spanish",,E1_A_FG_BL,,,-1
R_2QXOUIpL7NIBfwf,Default Response Set,Anonymous,,,162.138.210.3,0,24/03/2017 10:30,24/03/2017 10:32,0,1,1,,,,,,,,,,,,,,,,,,,,,1,1,2,3,4,Friday,1,2,3,4,,,,,,,,,,,Yes,1,Definitely yes,no,13,62,male,right-handed,english,,E1_C_FG_FL,,,-1
R_1lafRdecvDDLwxi,Default Response Set,Anonymous,,,75.132.43.124,0,24/03/2017 10:36,24/03/2017 10:37,0,1,1,,,,,,,,,,,1,1,2,3,4,Monday,1,2,3,4,,,,,,,,,,,,,,,,,,,,,Yes,3,Definitely yes,Nah,13,24,male,right-handed,English,,E1_B_BG_BL,,,-1
R_XkdRYNBueX8yTwB,Default Response Set,Anonymous,,,70.176.55.47,0,24/03/2017 10:27,24/03/2017 10:28,0,1,1,,,,,,,,,,,1,1,2,3,4,monday,1,2,3,4,,,,,,,,,,,,,,,,,,,,,Yes,1,Definitely yes,His accent was funny,13,24,male,right-handed,English,,E1_B_BG_BL,,,-1
R_QfUxQH4XbJU8Kfn,Default Response Set,Anonymous,,,71.88.107.27,0,24/03/2017 10:37,24/03/2017 10:38,0,1,1,,,,,,,,,,,,,,,,,,,,,,,,,,,,,,,1,1,2,3,4,Friday,1,2,3,4,Yes,1,Definitely yes,He seemed like a nice guy/,13,31,male,right-handed,english,,E1_D_BG_FL,,,-1
R_2dyUD3NpyESsCf9,Default Response Set,Anonymous,,,72.174.173.118,0,24/03/2017 10:37,24/03/2017 10:39,0,1,1,,,,,,,,,,,,,,,,,,,,,1,1,2,3,4,friday,1,2,3,4,,,,,,,,,,,Yes,1,Definitely yes,He seems like he wants to be a mentalist.,13,36,male,right-handed,English,,E1_C_FG_FL,,,-1
R_p01eOKJO0S3PBZv,Default Response Set,Anonymous,,,73.177.37.106,0,24/03/2017 10:38,24/03/2017 10:39,0,1,1,,,,,,,,,,,,,,,,,,,,,,,,,,,,,,,,,,,,,,,,,,,,,,,,,,,E1_A_FG_BL,,,-1
R_3MQoiAA5B21eIF5,Default Response Set,Anonymous,,,50.138.8.51,0,24/03/2017 10:36,24/03/2017 10:38,0,1,1,,,,,,,,,,,1,1,2,3,4,,,,,,,,,,,,,,,,,,,,,,,,,,,,,,,,,,,,E1_B_BG_BL,,,-1
R_2Ycax7SfsCTerYU,Default Response Set,Anonymous,,,74.72.128.92,0,24/03/2017 10:42,24/03/2017 10:44,0,1,1,,,,,,,,,,,,,,,,,,,,,1,1,2,3,4,monday,1,2,3,4,,,,,,,,,,,Yes,1,Definitely yes,forward 2 days means monday i hope.,13,37,male,right-handed,english,,E1_C_FG_FL,,,-1
R_3hubDD73kJyVIYG,Default Response Set,Anonymous,,,24.119.10.20,0,24/03/2017 10:46,24/03/2017 10:48,0,1,1,,,,,,,,,,,1,1,2,3,4,Monday,1,2,3,4,,,,,,,,,,,,,,,,,,,,,Yes,1,Definitely yes,,13,36,male,right-handed,English,,E1_B_BG_BL,,,-1
R_2yjDV6eklhZN7Hv,Default Response Set,Anonymous,,,98.212.171.200,0,25/03/2017 05:01,25/03/2017 05:02,1,1,1,,,,,,,,,,,,,,,,,,,,,1,1,2,3,4,monday,1,2,3,4,,,,,,,,,,,Yes,1,Definitely yes,He was a strange fella.,13,31,male,right-handed,English,1,E1_C_FG_FL,41.90499878,-87.8640976,-1
R_6fXAco4ZzMwGDIt,Default Response Set,Anonymous,,,67.187.231.252,0,25/03/2017 05:00,25/03/2017 05:05,1,1,1,,,,,,,,,,,1,1,2,3,4,Monday,1,2,3,4,,,,,,,,,,,,,,,,,,,,,Yes,twice,Definitely yes,Nope ,13,28,female,left-handed,English,1,E1_B_BG_BL,37.01339722,-119.9432983,-1
R_3EVXJASNkAV6Cjg,Default Response Set,Anonymous,,,173.28.249.80,0,25/03/2017 05:05,25/03/2017 05:07,1,1,1,,,,,,,,,,,,,,,,,,,,,,,,,,,,,,,1,1,2,3,4,Friday,1,2,3,4,Yes,3,Definitely yes,I was wondering why the person was speaking and moving his hands and arms so rigidly.,13,29,male,right-handed,English,1,E1_D_BG_FL,41.53250122,-90.6631012,-1
R_1ojwpJkiquCVg8i,Default Response Set,Anonymous,,,24.20.124.0,0,25/03/2017 05:05,25/03/2017 05:07,1,1,1,,,,,,,,,,,,,,,,,,,,,1,1,2,3,4,Friday,1,2,3,4,,,,,,,,,,,Yes,1,Definitely yes,,13,28,male,right-handed,English,1,E1_C_FG_FL,45.4980011,-122.7783966,-1
R_OqYplcT4TEGR5XX,Default Response Set,Anonymous,,,96.232.116.183,0,25/03/2017 05:00,25/03/2017 05:02,0,1,1,1,1,2,3,4,Monday,1,2,3,4,,,,,,,,,,,,,,,,,,,,,,,,,,,,,,,Yes,once,Definitely yes,"He moved his hand forward when mentioning backwards, made me remember it more.",13,46,male,right-handed,english,,E1_A_FG_BL,,,-1
R_2V3ie8wUuQLsemD,Default Response Set,Anonymous,,,50.149.12.46,0,25/03/2017 05:01,25/03/2017 05:02,0,1,1,,,,,,,,,,,1,1,2,3,4,Monday,1,2,3,4,,,,,,,,,,,,,,,,,,,,,Yes,1,Definitely yes,No,13,30,female,left-handed,english,,E1_B_BG_BL,,,-1
R_SIdCZdFnDyB2RGh,Default Response Set,Anonymous,,,69.250.230.9,0,25/03/2017 05:03,25/03/2017 05:05,0,1,1,1,1,2,3,4,Monday,1,2,3,4,,,,,,,,,,,,,,,,,,,,,,,,,,,,,,,Yes,once,Definitely yes,No,13,43,male,right-handed,English,,E1_A_FG_BL,,,-1
R_1LprGFMAdBEvjrU,Default Response Set,Anonymous,,,172.73.12.66,0,25/03/2017 05:04,25/03/2017 05:06,0,1,1,,,,,,,,,,,,,,,,,,,,,,,,,,,,,,,1,1,2,3,4,Wednesday,1,2,3,4,Yes,1,Definitely yes,none,13,40,female,right-handed,English ,,E1_D_BG_FL,,,-1
R_UlL6ynXnJTZMq2Z,Default Response Set,Anonymous,,,162.216.46.102,0,25/03/2017 05:08,25/03/2017 05:14,0,1,1,1,1,2,3,4,Monday,1,2,3,4,,,,,,,,,,,,,,,,,,,,,,,,,,,,,,,Yes,1,Definitely yes,No.,13,66,male,right-handed,English,,E1_A_FG_BL,,,-1
R_1d18D9MI6PFi1vl,Default Response Set,Anonymous,,,67.1.119.229,0,25/03/2017 11:49,25/03/2017 11:50,1,1,1,,,,,,,,,,,,,,,,,,,,,,,,,,,,,,,1,1,2,3,4,Friday,1,2,3,4,Yes,1,Definitely yes,,13,27,male,right-handed,English,1,E1_D_BG_FL,32.26860046,-111.0021973,-1
R_2ZIUKz6AC70h4DF,Default Response Set,Anonymous,,,67.158.18.203,0,25/03/2017 11:49,25/03/2017 11:51,1,1,1,,,,,,,,,,,1,1,2,3,4,Monday,1,2,3,4,,,,,,,,,,,,,,,,,,,,,Yes,1,Might or might not,No,13,27,male,right-handed,english,1,E1_B_BG_BL,44.12089539,-103.1977997,-1
R_1I47T2Q6moQMPHA,Default Response Set,Anonymous,,,73.17.87.221,0,25/03/2017 11:50,25/03/2017 11:52,1,1,1,1,1,2,3,4,Monday,1,2,3,4,,,,,,,,,,,,,,,,,,,,,,,,,,,,,,,Yes,2 times because i could not hear it the first time,Probably yes,he said backwards but moved his hands forward,13,33,female,right-handed,english,1,E1_A_FG_BL,43.06869507,-70.9516983,-1
R_2E03Nry8hmvmr8i,Default Response Set,Anonymous,,,24.90.180.91,0,25/03/2017 11:51,25/03/2017 11:52,1,1,1,,,,,,,,,,,,,,,,,,,,,,,,,,,,,,,1,1,2,3,4,Monday,1,2,3,4,Yes,2,Definitely yes,,13,40,female,right-handed,English,1,E1_D_BG_FL,40.75059509,-73.82039642,-1
R_1CDyI9pjpr9xvRu,Default Response Set,Anonymous,,,108.247.115.21,0,25/03/2017 12:08,25/03/2017 12:12,1,1,1,,,,,,,,,,,1,1,2,3,4,Monday,1,2,3,4,,,,,,,,,,,,,,,,,,,,,Yes,2,Definitely yes,I noticed that the person gestured toward himself and I thought that meant the meeting was being moved closer.,13,49,male,right-handed,English,1,E1_B_BG_BL,33.73579407,-118.2922974,-1
R_2U0pqqbPKFM8fao,Default Response Set,Anonymous,,,71.126.175.21,0,25/03/2017 12:16,25/03/2017 12:18,1,1,1,,,,,,,,,,,,,,,,,,,,,,,,,,,,,,,1,1,2,3,4,Monday,1,2,3,4,Yes,1,Definitely yes,"I thought it was a bit weird they symbolized ""forward"" by bringing their hand to their chest",13,26,male,right-handed,English,1,E1_D_BG_FL,38.88650513,-77.09690094,-1
R_Zz8o7fc1J1TaV6V,Default Response Set,Anonymous,,,216.49.6.16,0,25/03/2017 12:16,25/03/2017 12:19,1,1,1,,,,,,,,,,,1,1,2,3,4,Friday,1,2,3,4,,,,,,,,,,,,,,,,,,,,,Yes,1,Definitely yes,No thoughts or ideas,13,32,male,right-handed,English,1,E1_B_BG_BL,41.04150391,-76.65070343,-1
R_p4YTo9H3J7xrobL,Default Response Set,Anonymous,,,170.253.162.162,0,25/03/2017 12:18,25/03/2017 12:19,1,1,1,,,,,,,,,,,,,,,,,,,,,,,,,,,,,,,1,1,2,3,4,Next Monday,1,2,3,4,Yes,1,Definitely yes,,13,23,male,right-handed,english,1,E1_D_BG_FL,34.3401947,-89.48329926,-1
R_vVlmUYcGf1W1NXb,Default Response Set,Anonymous,,,124.122.177.159,0,25/03/2017 12:16,25/03/2017 12:19,1,1,1,,,,,,,,,,,,,,,,,,,,,1,1,2,3,4,wednesday,1,2,3,4,,,,,,,,,,,Yes,1,Definitely yes,His gesture went along with moving forward,13,37,male,right-handed,English,1,E1_C_FG_FL,13.6499939,100.2666931,-1
R_2eaFQaawOWRre8B,Default Response Set,Anonymous,,,69.62.185.35,0,25/03/2017 12:17,25/03/2017 12:20,1,1,1,1,1,2,3,4,Thursday,1,2,3,4,,,,,,,,,,,,,,,,,,,,,,,,,,,,,,,Yes,1,Definitely yes,He was very articulate.,13,60,female,right-handed,English,1,E1_A_FG_BL,38.76249695,-121.1649017,-1
R_3eq8yyWvy6f47Ms,Default Response Set,Anonymous,,,86.31.249.104,0,18/03/2017 07:41,18/03/2017 12:20,0,1,1,,,,,,,,,,,,,,,,,,,,,,,,,,,,,,,,,,,,,,,,,,,,,,,,,,,E1_A_FG_BL,,,-1
R_R1QmlOM5Db4jy9j,Default Response Set,Anonymous,,,68.53.127.112,0,25/03/2017 12:21,25/03/2017 12:24,1,1,1,,,,,,,,,,,1,1,2,3,4,Monday,1,2,3,4,,,,,,,,,,,,,,,,,,,,,Yes,Once,Definitely yes,He used a hand gesture I've never seen before while he was speaking.,13,40,male,right-handed,English,1,E1_B_BG_BL,37.03829956,-88.71569824,-1
R_2frlOXclDbB6H0f,Default Response Set,Anonymous,,,173.17.73.117,0,25/03/2017 11:57,25/03/2017 12:00,0,1,1,1,1,2,3,4,,,,,,,,,,,,,,,,,,,,,,,,,,,,,,,,,,,,,,,,,,,,,,E1_A_FG_BL,,,-1
R_2WClp5p9MsUnMST,Default Response Set,Anonymous,,,69.147.208.155,0,25/03/2017 12:15,25/03/2017 12:17,0,1,1,1,1,2,3,4,MONDAY,1,2,3,4,,,,,,,,,,,,,,,,,,,,,,,,,,,,,,,Yes,1,Definitely yes,NO,13,39,female,right-handed,ENGLISH,,E1_A_FG_BL,,,-1
R_12DTkL5B3ENvc3d,Default Response Set,Anonymous,,,75.111.214.236,0,25/03/2017 12:14,25/03/2017 12:17,0,1,1,,,,,,,,,,,,,,,,,,,,,1,1,2,3,4,Monday,1,2,3,4,,,,,,,,,,,Yes,"I viewed it three times, because I had forgotten my headphones were plugged in.",Definitely yes,"He moved the hand towards the screen, forwards, so to speak.",13,28,male,left-handed,"English, Norwegian",,E1_C_FG_FL,,,-1
R_cAeR6R1E0Xulxgl,Default Response Set,Anonymous,,,74.250.171.100,0,25/03/2017 12:16,25/03/2017 12:18,0,1,1,,,,,,,,,,,1,1,2,3,4,Monday,1,2,3,4,,,,,,,,,,,,,,,,,,,,,Yes,1,Definitely yes,Nope.,13,58,male,right-handed,English,,E1_B_BG_BL,,,-1
R_2Tv2HSIkf36SxhG,Default Response Set,Anonymous,,,170.253.162.162,0,25/03/2017 12:19,25/03/2017 12:20,0,1,1,1,1,2,3,4,monday,1,2,3,4,,,,,,,,,,,,,,,,,,,,,,,,,,,,,,,No,,Definitely not,,25,1,other,ambidextrous,no,,E1_A_FG_BL,,,-1
R_1mxaYkrzn2rMrOY,Default Response Set,Anonymous,,,24.184.217.30,0,25/03/2017 12:34,25/03/2017 12:35,0,1,1,,,,,,,,,,,,,,,,,,,,,1,1,2,3,4,This Saturday,1,2,3,4,,,,,,,,,,,Yes,2,Definitely yes,Nothing in particular.,13,28,male,right-handed,English,,E1_C_FG_FL,,,-1
R_3iXoVHOsIT1UJNI,Default Response Set,Anonymous,,,73.191.60.53,0,25/03/2017 12:42,25/03/2017 12:43,0,1,1,,,,,,,,,,,,,,,,,,,,,,,,,,,,,,,1,1,2,3,4,Tuesday,1,2,3,4,Yes,one,Definitely yes,no,13,52,female,right-handed,English,,E1_D_BG_FL,,,-1
R_01bRt0rwyGKF0Pv,Default Response Set,Anonymous,,,24.216.117.178,0,25/03/2017 11:49,25/03/2017 11:51,0,1,1,,,,,,,,,,,,,,,,,,,,,1,1,2,3,4,Monday,1,2,3,4,,,,,,,,,,,Yes,2,Definitely yes,no,13,35,male,right-handed,english,,E1_C_FG_FL,,,-1
R_3fPG302b46jesrE,Default Response Set,Anonymous,,,73.129.122.171,0,25/03/2017 12:05,25/03/2017 12:06,0,1,1,,,,,,,,,,,,,,,,,,,,,1,1,2,3,4,Friday,1,2,3,4,,,,,,,,,,,Yes,1,Probably not,No,13,32,female,right-handed,english,,E1_C_FG_FL,,,-1
R_2t37fM9f06zJRua,Default Response Set,Anonymous,,,75.128.186.27,0,25/03/2017 12:16,25/03/2017 12:17,0,1,1,,,,,,,,,,,,,,,,,,,,,,,,,,,,,,,1,1,2,3,4,,,,,,,,,,,,,,,,E1_D_BG_FL,,,-1
R_1kS2cZtRNa9zFKA,Default Response Set,Anonymous,,,162.210.112.42,0,28/03/2017 03:14,28/03/2017 03:16,1,1,1,1,1,2,3,4,Monday,1,2,3,4,,,,,,,,,,,,,,,,,,,,,,,,,,,,,,,Yes,1,Definitely yes,No,13,19,male,right-handed,English,1,E1_A_FG_BL,41.91009521,-76.28569794,-1
R_2s0aO81WtOg3vL5,Default Response Set,Anonymous,,,173.168.6.120,0,28/03/2017 03:15,28/03/2017 03:16,1,1,1,,,,,,,,,,,,,,,,,,,,,1,1,2,3,4,Monday,1,2,3,4,,,,,,,,,,,Yes,1,Definitely yes,,13,39,male,right-handed,English,1,E1_C_FG_FL,27.93919373,-82.47229767,-1
R_1Ois7maAYNKos4F,Default Response Set,Anonymous,,,71.230.193.237,0,28/03/2017 03:15,28/03/2017 03:16,1,1,1,,,,,,,,,,,1,1,2,3,4,Monday,1,2,3,4,,,,,,,,,,,,,,,,,,,,,Yes,2,Definitely yes,I thought it was odd the way he was holding his hand.,13,32,male,right-handed,english,1,E1_B_BG_BL,40.0894928,-75.04589844,-1
R_1rBocjmzlGi69UY,Default Response Set,Anonymous,,,209.95.50.160,0,28/03/2017 03:15,28/03/2017 03:18,1,1,1,1,1,2,3,4,Monday,1,2,3,4,,,,,,,,,,,,,,,,,,,,,,,,,,,,,,,Yes,1,Definitely yes,I thought the hand gestures were weird and not fitting with what he was saying.,13,34,male,right-handed,English,1,E1_A_FG_BL,40.73080444,-73.99749756,-1
R_1PTcdKB8AGGXMmT,Default Response Set,Anonymous,,,66.86.125.239,0,28/03/2017 03:16,28/03/2017 03:18,1,1,1,,,,,,,,,,,,,,,,,,,,,,,,,,,,,,,1,1,2,3,4,This is kinda depressing but I couldn't understand with the accent... ,1,2,3,4,Yes,2,Definitely yes,"No, I couldn't fully understand it but I know it moved forward.",13,26,male,right-handed,English,1,E1_D_BG_FL,36.11000061,-115.2117996,-1
R_2B5axGB79OcKYxd,Default Response Set,Anonymous,,,108.5.246.7,0,28/03/2017 03:17,28/03/2017 03:19,1,1,1,,,,,,,,,,,,,,,,,,,,,,,,,,,,,,,1,1,2,3,4,Monday,1,2,3,4,Yes,1,Definitely yes,"I think the motion best conveyed that forward means sooner.  It was a good hand motion to make, if that was his intent.",13,30,male,right-handed,English,1,E1_D_BG_FL,40.94670105,-73.99299622,-1
R_2cbZPjkOgVoGWzU,Default Response Set,Anonymous,,,68.119.71.212,0,28/03/2017 03:18,28/03/2017 03:23,1,1,1,1,1,2,3,4,Monday,1,2,3,4,,,,,,,,,,,,,,,,,,,,,,,,,,,,,,,Yes,1,Definitely yes,"The statement and gesture were rather ambiguous. I decided to go with Monday. It felt more right, even though rationally I had no preference. ",13,48,male,right-handed,English,1,E1_A_FG_BL,33.22399902,-86.77300262,-1
R_3p9ojuPcUgEU6iY,Default Response Set,Anonymous,,,68.42.113.217,0,28/03/2017 03:24,28/03/2017 03:26,1,1,1,,,,,,,,,,,,,,,,,,,,,1,1,2,3,4,Monday,1,2,3,4,,,,,,,,,,,Yes,1,Definitely yes,"Guess it could be interpreted either way and is interesting. Feel like my interpretation is how more people would take that statement, but might not be correct.",13,30,male,right-handed,English,1,E1_C_FG_FL,42.272995,-83.59940338,-1
R_yxcbuwAT68PWJtT,Default Response Set,Anonymous,,,108.185.59.226,0,28/03/2017 04:48,28/03/2017 04:50,1,1,1,1,1,2,3,4,Monday,1,2,3,4,,,,,,,,,,,,,,,,,,,,,,,,,,,,,,,Yes,Once,Definitely yes,"He isn't native to the US, and uses odd hand gestures.",13,28,male,right-handed,English,1,E1_A_FG_BL,33.69219971,-117.2483978,-1
R_2QnbNgGp4E7XxdG,Default Response Set,Anonymous,,,67.246.89.139,0,28/03/2017 04:48,28/03/2017 04:59,1,1,1,,,,,,,,,,,,,,,,,,,,,,,,,,,,,,,1,1,2,3,4,Friday,1,2,3,4,Yes,1,Definitely yes,"The gesture was a bit odd, but I think I understood.",13,30,male,right-handed,English,1,E1_D_BG_FL,43.3480072,-76.34220123,-1
R_3QPqkyzvffg2gKU,Default Response Set,Anonymous,,,73.52.84.130,0,28/03/2017 05:09,28/03/2017 05:11,1,1,1,,,,,,,,,,,,,,,,,,,,,,,,,,,,,,,1,1,2,3,4,monday,1,2,3,4,Yes,twice,Definitely yes,he said moving forward but was pulling back,13,33,male,right-handed,english,1,E1_D_BG_FL,41.38380432,-75.73829651,-1
R_3qDofqYmtpvuVSu,Default Response Set,Anonymous,,,73.0.20.244,0,28/03/2017 06:12,28/03/2017 06:13,1,1,1,1,1,2,3,4,Monday,1,2,3,4,,,,,,,,,,,,,,,,,,,,,,,,,,,,,,,Yes,1,Definitely yes,Nope,13,25,female,right-handed,English,1,E1_A_FG_BL,26.11300659,-80.32559967,-1
R_2V3dD4U1mTIy6GH,Default Response Set,Anonymous,,,68.70.176.230,0,28/03/2017 06:14,28/03/2017 06:17,1,1,1,,,,,,,,,,,,,,,,,,,,,1,1,2,3,4,Monday,1,2,3,4,,,,,,,,,,,Yes,1,Probably yes,,13,40,male,right-handed,English,1,E1_C_FG_FL,41.6499939,-83.67410278,-1
R_3khUE9Lj6xo8rZL,Default Response Set,Anonymous,,,69.119.154.98,0,28/03/2017 06:19,28/03/2017 06:21,1,1,1,,,,,,,,,,,1,1,2,3,4,Friday,1,2,3,4,,,,,,,,,,,,,,,,,,,,,Yes,1,Definitely yes,,13,37,male,right-handed,English,1,E1_B_BG_BL,40.4618988,-74.35610199,-1
R_2zilgUksTgKZLNm,Default Response Set,Anonymous,,,76.168.116.160,0,28/03/2017 03:15,28/03/2017 03:17,0,1,1,,,,,,,,,,,,,,,,,,,,,1,1,2,3,4,Monday or Tuesday,1,2,3,4,,,,,,,,,,,Yes,Once,Probably yes,,13,25,male,right-handed,English,,E1_C_FG_FL,,,-1
R_effBn2CaoajQ0Fj,Default Response Set,Anonymous,,,67.249.240.37,0,28/03/2017 04:49,28/03/2017 04:49,0,1,1,,,,,,,,,,,1,1,2,3,4,Monday,1,2,3,4,,,,,,,,,,,,,,,,,,,,,Yes,1,Definitely yes,No,13,33,male,right-handed,English,,E1_B_BG_BL,,,-1
R_3hrRDFcByD5HS8c,Default Response Set,Anonymous,,,174.104.13.169,0,28/03/2017 04:50,28/03/2017 04:52,0,1,1,,,,,,,,,,,1,1,2,3,4,Monday ,1,2,3,4,,,,,,,,,,,,,,,,,,,,,Yes,2,Definitely yes,Moved his arm and right hand forward,13,67,male,right-handed,english ,,E1_B_BG_BL,,,-1
R_1NDEaUAsuUvDRTY,Default Response Set,Anonymous,,,173.94.151.184,0,28/03/2017 04:49,28/03/2017 04:52,0,1,1,,,,,,,,,,,,,,,,,,,,,,,,,,,,,,,1,1,2,3,4,Thursday,1,2,3,4,Yes,1,Definitely yes,"When he said forward, he moved his hand back towards his chest.",13,36,female,right-handed,English,,E1_D_BG_FL,,,-1
R_sFpE5qe2qJ8D6JH,Default Response Set,Anonymous,,,108.171.131.187,0,28/03/2017 04:52,28/03/2017 04:54,0,1,1,,,,,,,,,,,,,,,,,,,,,1,1,2,3,4,Tuesday,1,2,3,4,,,,,,,,,,,Yes,1,Definitely yes,Mouth did not match the voice in parts. ,13,35,male,right-handed,English,,E1_C_FG_FL,,,-1
R_vIZQf8SSlBQDZjr,Default Response Set,Anonymous,,,99.29.6.106,0,28/03/2017 04:54,28/03/2017 04:55,0,1,1,,,,,,,,,,,1,1,2,3,4,?,1,2,3,4,,,,,,,,,,,,,,,,,,,,,Yes,1,Probably yes,,13,33,male,left-handed,eng,,E1_B_BG_BL,,,-1
R_2wHvwD2KlcGfG5C,Default Response Set,Anonymous,,,204.194.141.29,0,28/03/2017 04:55,28/03/2017 04:56,0,1,1,,,,,,,,,,,,,,,,,,,,,1,1,2,3,4,Tuesday,1,2,3,4,,,,,,,,,,,Yes,1,Probably yes,It felt like the person was performing. ,13,27,male,right-handed,English,,E1_C_FG_FL,,,-1
R_cUPFEeV79PvJWLv,Default Response Set,Anonymous,,,98.242.255.44,0,28/03/2017 04:55,28/03/2017 04:56,0,1,1,1,1,2,3,4,,,,,,,,,,,,,,,,,,,,,,,,,,,,,,,,,,,,,,,,,,,,,,E1_A_FG_BL,,,-1
R_2fBW8NsdPayDoWR,Default Response Set,Anonymous,,,50.240.77.203,0,28/03/2017 06:12,28/03/2017 06:14,0,1,1,,,,,,,,,,,1,1,2,3,4,Monday,1,2,3,4,,,,,,,,,,,,,,,,,,,,,Yes,1,Definitely yes,It helped me that his hand moved back,13,25,male,right-handed,English,,E1_B_BG_BL,,,-1
R_24AblsAzPHLs8SQ,Default Response Set,Anonymous,,,50.232.33.18,0,28/03/2017 06:13,28/03/2017 06:15,0,1,1,,,,,,,,,,,,,,,,,,,,,1,1,2,3,4,next Friday,1,2,3,4,,,,,,,,,,,Yes,2,Definitely yes,no,13,43,female,left-handed,english,,E1_C_FG_FL,,,-1
R_2X5MmO0QiHvi6Sv,Default Response Set,Anonymous,,,108.198.193.127,0,28/03/2017 06:12,28/03/2017 06:16,0,1,1,1,1,2,3,4,tuesday,1,2,3,4,,,,,,,,,,,,,,,,,,,,,,,,,,,,,,,Yes,2,Definitely yes,He moved his hand forward when talking about moving meeting backwards. It was odd. I found his accent difficult to understand as well.,13,35,female,right-handed,English,,E1_A_FG_BL,,,-1
R_3Mhd5iLWVeYZ4RO,Default Response Set,Anonymous,,,24.62.138.44,0,28/03/2017 06:24,28/03/2017 06:26,0,1,1,,,,,,,,,,,,,,,,,,,,,1,1,2,3,4,Wednesday ,1,2,3,4,,,,,,,,,,,Yes,2,Definitely yes,The person moved his hand and looked right at me.,13,50,male,left-handed,english,,E1_C_FG_FL,,,-1
R_1E5PxsiMGv4Z5Xi,Default Response Set,Anonymous,,,100.0.38.99,0,28/03/2017 06:27,28/03/2017 06:30,0,1,1,,,,,,,,,,,1,1,2,3,4,Sunday,1,2,3,4,,,,,,,,,,,,,,,,,,,,,Yes,Twice because my sound was not playing properly. I could not hear him at all on the first time.  ,Definitely yes,no,13,52,female,right-handed,English,,E1_B_BG_BL,,,-1
R_6VDq3Z8dbt6pbkl,Default Response Set,Anonymous,,,108.28.248.103,0,28/03/2017 06:28,28/03/2017 06:31,0,1,1,,,,,,,,,,,,,,,,,,,,,,,,,,,,,,,1,1,2,3,4,Monday,1,2,3,4,Yes,1,Definitely yes,no,13,51,female,left-handed,English,,E1_D_BG_FL,,,-1
R_2PcbECmXUmIgAjt,Default Response Set,Anonymous,,,98.195.67.160,0,28/03/2017 06:21,28/03/2017 06:40,0,1,1,,,,,,,,,,,,,,,,,,,,,,,,,,,,,,,1,1,2,3,4,,,,,,,,,,,,,,,,E1_D_BG_FL,,,-1
R_1q8nmMrByFrP3Mn,Default Response Set,Anonymous,,,24.219.192.102,0,28/03/2017 13:34,28/03/2017 13:35,1,1,1,,,,,,,,,,,,,,,,,,,,,1,1,2,3,4,next wednesday,1,2,3,4,,,,,,,,,,,No,0,Might or might not,no,13,21,male,right-handed,english,1,E1_C_FG_FL,37.26690674,-80.43250275,-1
R_0eqo13oxc5blQLT,Default Response Set,Anonymous,,,107.77.207.135,0,28/03/2017 13:40,28/03/2017 13:41,1,1,1,1,1,2,3,4,Friday,1,2,3,4,,,,,,,,,,,,,,,,,,,,,,,,,,,,,,,Yes,1,Definitely yes,,13,31,female,right-handed,English,1,E1_A_FG_BL,41.84829712,-87.65170288,-1
R_25yHaiqOs3aEmdj,Default Response Set,Anonymous,,,68.98.72.178,0,28/03/2017 13:39,28/03/2017 13:42,1,1,1,,,,,,,,,,,1,1,2,3,4,Monday,1,2,3,4,,,,,,,,,,,,,,,,,,,,,Yes,1,Definitely yes,the person was expressive with his hands and clear with his speech,13,59,female,right-handed,English,1,E1_B_BG_BL,33.42230225,-111.8226013,-1
R_SE3gbHR3Kc9N0UV,Default Response Set,Anonymous,,,76.110.70.67,0,28/03/2017 13:47,28/03/2017 13:50,1,1,1,,,,,,,,,,,,,,,,,,,,,1,1,2,3,4,Friday,1,2,3,4,,,,,,,,,,,Yes,1,Definitely yes,His movements seemed unnatural so I was distracted by his movements,13,25,female,right-handed,ENGLISH,1,E1_C_FG_FL,27.24980164,-80.37969971,-1
R_3k7JCh4JdJfAmMW,Default Response Set,Anonymous,,,2.218.0.232,0,17/03/2017 12:23,21/03/2017 15:16,0,1,1,1,1,2,3,4,,,,,,,,,,,,,,,,,,,,,,,,,,,,,,,,,,,,,,,,,,,,,,E1_A_FG_BL,,,-1
R_27pqq5I3CzsStuS,Default Response Set,Anonymous,,,24.55.69.212,0,21/03/2017 15:30,21/03/2017 15:30,0,1,1,1,1,2,3,4,,,,,,,,,,,,,,,,,,,,,,,,,,,,,,,,,,,,,,,,,,,,,,E1_A_FG_BL,,,-1
R_2pM2tMUtCzgUrVo,Default Response Set,Anonymous,,,47.152.251.26,0,21/03/2017 15:30,21/03/2017 15:30,0,1,1,,,,,,,,,,,,,,,,,,,,,,,,,,,,,,,1,1,2,3,4,,,,,,,,,,,,,,,,E1_D_BG_FL,,,-1
R_1hzNSnu0PNiasrz,Default Response Set,Anonymous,,,67.246.52.65,0,21/03/2017 15:31,21/03/2017 15:31,0,1,1,,,,,,,,,,,,,,,,,,,,,1,1,2,3,4,,,,,,,,,,,,,,,,,,,,,,,,,,E1_C_FG_FL,,,-1
R_2TGbyeSXQeFqVZO,Default Response Set,Anonymous,,,172.90.51.65,0,21/03/2017 16:11,21/03/2017 16:12,0,1,1,,,,,,,,,,,,,,,,,,,,,,,,,,,,,,,,,,,,,,,,,,,,,,,,,,,E1_B_BG_BL,,,-1
R_xbYX2Rl4KBOkjM5,Default Response Set,Anonymous,,,98.176.238.152,0,28/03/2017 13:34,28/03/2017 13:35,0,1,1,1,1,2,3,4,Wednesday,1,2,3,4,,,,,,,,,,,,,,,,,,,,,,,,,,,,,,,Yes,1,Definitely yes,No,13,26,male,right-handed,English,,E1_A_FG_BL,,,-1
R_6loTF3tKXqXqsXT,Default Response Set,Anonymous,,,23.240.77.0,0,28/03/2017 13:34,28/03/2017 13:35,0,1,1,,,,,,,,,,,,,,,,,,,,,,,,,,,,,,,1,1,2,3,4,Monday,1,2,3,4,Yes,2,Definitely yes,"Forward to me implies Friday, but the gestures made me think Monday.",13,24,male,right-handed,English,,E1_D_BG_FL,,,-1
R_ZknIyfj7YwFRKOl,Default Response Set,Anonymous,,,97.88.114.170,0,28/03/2017 13:43,28/03/2017 13:43,0,1,1,1,1,2,3,4,Monday,1,2,3,4,,,,,,,,,,,,,,,,,,,,,,,,,,,,,,,Yes,Two,Definitely yes,,13,30,female,ambidextrous,English,,E1_A_FG_BL,,,-1
R_3fOGht2uxKQchsB,Default Response Set,Anonymous,,,192.210.197.136,0,28/03/2017 13:43,28/03/2017 13:45,0,1,1,,,,,,,,,,,1,1,2,3,4,I did not hear it clearly.,1,2,3,4,,,,,,,,,,,,,,,,,,,,,Yes,"Only 1, as I thought I only can watch it one according to the instruction.",Definitely yes,"The voice of the person is somehow too low, and my computer's speaker cannot play it clearly.",13,26,male,right-handed,English,,E1_B_BG_BL,,,-1
R_sp2258G28GydRkJ,Default Response Set,Anonymous,,,162.254.170.65,0,28/03/2017 13:52,28/03/2017 13:53,0,1,1,,,,,,,,,,,,,,,,,,,,,,,,,,,,,,,1,1,2,3,4,Monday,1,2,3,4,Yes,1,Definitely yes,,13,28,female,right-handed,English,,E1_D_BG_FL,,,-1
R_2cpILYhi1u5pcl1,Default Response Set,Anonymous,,,70.231.45.29,0,30/03/2017 02:56,30/03/2017 02:57,1,1,1,,,,,,,,,,,1,1,2,3,4,Monday,1,2,3,4,,,,,,,,,,,,,,,,,,,,,Yes,1,Definitely yes,None of consequence.,13,24,male,right-handed,English,1,E1_B_BG_BL,29.40370178,-98.72460175,-1
R_begrCSZfIMTc9rj,Default Response Set,Anonymous,,,199.188.177.140,0,30/03/2017 02:57,30/03/2017 02:59,1,1,1,,,,,,,,,,,,,,,,,,,,,,,,,,,,,,,1,1,2,3,4,Monday,1,2,3,4,Yes,1,Definitely yes,It was kind of strange that they said forward and gestured backward.  ,13,34,male,right-handed,English,1,E1_D_BG_FL,44.48060608,-72.71769714,-1
R_4INSJ4VFMp7bkzf,Default Response Set,Anonymous,,,104.238.234.90,0,30/03/2017 02:56,30/03/2017 02:59,1,1,1,,,,,,,,,,,,,,,,,,,,,1,1,2,3,4,Friday,1,2,3,4,,,,,,,,,,,Yes,,Definitely yes,It looked like he was saying that to a child or someone hard of hearing. ,13,26,male,right-handed,english,1,E1_C_FG_FL,36.08770752,-115.1484985,-1
R_2dmPQCElZbwAJRG,Default Response Set,Anonymous,,,104.238.234.90,0,30/03/2017 02:56,30/03/2017 02:59,1,1,1,1,1,2,3,4,Friday,1,2,3,4,,,,,,,,,,,,,,,,,,,,,,,,,,,,,,,Yes,,Definitely yes,It looked like he was saying that to a child or someone hard of hearing. ,13,26,female,right-handed,english,1,E1_A_FG_BL,36.08770752,-115.1484985,-1
R_3kHSskcGrJT2mY0,Default Response Set,Anonymous,,,75.138.254.47,0,30/03/2017 03:01,30/03/2017 03:03,1,1,1,,,,,,,,,,,,,,,,,,,,,1,1,2,3,4,next friday,1,2,3,4,,,,,,,,,,,Yes,1,Probably yes,no,13,41,male,right-handed,english,1,E1_C_FG_FL,35.71740723,-86.89260101,-1
R_1CE1uODo5vLQIBP,Default Response Set,Anonymous,,,70.188.34.87,0,30/03/2017 03:18,30/03/2017 03:22,1,1,1,1,1,2,3,4,Monday,1,2,3,4,,,,,,,,,,,,,,,,,,,,,,,,,,,,,,,Yes,1,Definitely yes,It was kind of hard to understand him because of his accent. ,13,37,female,right-handed,English,1,E1_A_FG_BL,37.28340149,-79.81359863,-1
R_Ry87ISJ9PBzAlGx,Default Response Set,Anonymous,,,100.34.141.165,0,30/03/2017 04:32,30/03/2017 04:34,1,1,1,,,,,,,,,,,,,,,,,,,,,1,1,2,3,4,Saturday,1,2,3,4,,,,,,,,,,,Yes,1,Definitely yes,It seemed unnatural and forced.,13,26,male,right-handed,English,1,E1_C_FG_FL,40.04910278,-75.22810364,-1
R_2flET2FIYRHdA7Y,Default Response Set,Anonymous,,,74.196.54.173,0,30/03/2017 04:33,30/03/2017 04:36,1,1,1,,,,,,,,,,,1,1,2,3,4,Monday,1,2,3,4,,,,,,,,,,,,,,,,,,,,,Yes,1,Definitely yes,nothing now,13,54,male,right-handed,english,1,E1_B_BG_BL,35.58050537,-77.01270294,-1
R_r7pXGGe1o9cHgyd,Default Response Set,Anonymous,,,63.141.254.13,0,30/03/2017 04:36,30/03/2017 04:37,1,1,1,1,1,2,3,4,Friday,1,2,3,4,,,,,,,,,,,,,,,,,,,,,,,,,,,,,,,Yes,1,Definitely yes,,13,55,female,right-handed,English,1,E1_A_FG_BL,39.14720154,-94.57350159,-1
R_1CguHQT5VsWFugS,Default Response Set,Anonymous,,,73.169.61.16,0,30/03/2017 04:39,30/03/2017 04:41,1,1,1,,,,,,,,,,,,,,,,,,,,,,,,,,,,,,,1,1,2,3,4,Thursday,1,2,3,4,Yes,3,Definitely yes,N/A,13,29,male,right-handed,English,1,E1_D_BG_FL,39.61669922,-104.6695023,-1
R_1hMV1hvNx8wxYv4,Default Response Set,Anonymous,,,96.32.109.175,0,30/03/2017 04:47,30/03/2017 04:48,1,1,1,,,,,,,,,,,1,1,2,3,4,Monday,1,2,3,4,,,,,,,,,,,,,,,,,,,,,Yes,1,Definitely yes,,13,34,male,right-handed,English,1,E1_B_BG_BL,34.86010742,-82.24639893,-1
R_1oncUPDIGmLbpRN,Default Response Set,Anonymous,,,71.90.191.193,0,30/03/2017 04:46,30/03/2017 04:49,1,1,1,,,,,,,,,,,,,,,,,,,,,1,1,2,3,4,Forward today. Hours earlier.,1,2,3,4,,,,,,,,,,,Yes,1,Definitely yes,Moved his hands forward.,13,42,female,right-handed,English ,1,E1_C_FG_FL,30.53349304,-92.11630249,-1
R_1E4n3AVhUnDZomo,Default Response Set,Anonymous,,,24.107.137.18,0,30/03/2017 04:46,30/03/2017 04:49,1,1,1,,,,,,,,,,,,,,,,,,,,,,,,,,,,,,,1,1,2,3,4,Thursday,1,2,3,4,Yes,1,Definitely yes,No.,13,39,male,right-handed,English,1,E1_D_BG_FL,38.58990479,-90.34690094,-1
R_2pYQ5fA48SlgMBm,Default Response Set,Anonymous,,,65.35.51.223,0,30/03/2017 04:55,30/03/2017 04:57,1,1,1,,,,,,,,,,,,,,,,,,,,,1,1,2,3,4,monday,1,2,3,4,,,,,,,,,,,Yes,1,Definitely yes,his accent was a bit hard to catch and the gesture was distracting. I wanted to watch it again to verify what day he said but I thought the instructions said only watch once.,13,41,female,right-handed,English,1,E1_C_FG_FL,28.93449402,-82.47229767,-1
R_2SBpoKwYMWk8qLg,Default Response Set,Anonymous,,,69.141.13.140,0,30/03/2017 04:56,30/03/2017 04:57,1,1,1,1,1,2,3,4,Monday,1,2,3,4,,,,,,,,,,,,,,,,,,,,,,,,,,,,,,,Yes,1,Definitely yes,"His language was very forced, he seemed very rigid, and his hand gesture was both odd and backwards.",13,38,male,right-handed,English,1,E1_A_FG_BL,38.98339844,-74.90249634,-1
R_2wu8mrrpFc3f0QP,Default Response Set,Anonymous,,,97.95.98.91,0,30/03/2017 04:56,30/03/2017 04:58,1,1,1,,,,,,,,,,,1,1,2,3,4,Monday,1,2,3,4,,,,,,,,,,,,,,,,,,,,,Yes,once,Definitely yes,no,13,37,male,right-handed,English,1,E1_B_BG_BL,43.20880127,-85.26650238,-1
R_4HMJJxBmYU8EiEp,Default Response Set,Anonymous,,,24.3.147.179,0,30/03/2017 04:58,30/03/2017 05:01,1,1,1,1,1,2,3,4,Monday,1,2,3,4,,,,,,,,,,,,,,,,,,,,,,,,,,,,,,,Yes,1,Definitely yes,No comments.,13,33,male,right-handed,English,1,E1_A_FG_BL,40.50480652,-79.91320038,-1
R_1QN7Y0R5rNT62DP,Default Response Set,Anonymous,,,184.13.79.176,0,30/03/2017 05:04,30/03/2017 05:05,1,1,1,,,,,,,,,,,,,,,,,,,,,,,,,,,,,,,1,1,2,3,4,Monday,1,2,3,4,Yes,1,Probably yes,The way they moved their hand did not make sense with what they said. ,13,25,male,right-handed,English,1,E1_D_BG_FL,38.29679871,-81.55470276,-1
R_UhfpaR8RXRN5sT7,Default Response Set,Anonymous,,,72.241.39.157,0,30/03/2017 05:17,30/03/2017 05:19,1,1,1,,,,,,,,,,,,,,,,,,,,,1,1,2,3,4,Sunday,1,2,3,4,,,,,,,,,,,Yes,Twice,Probably yes,I dont really have any questions. The video was straight forward enough.,13,25,male,right-handed,English,1,E1_C_FG_FL,41.70350647,-83.60520172,-1
R_1BQm0UgBab506zo,Default Response Set,Anonymous,,,68.226.105.230,0,30/03/2017 05:30,30/03/2017 05:32,1,1,1,,,,,,,,,,,1,1,2,3,4,Monday,1,2,3,4,,,,,,,,,,,,,,,,,,,,,Yes,2,Definitely yes,No,13,23,male,right-handed,Vietnamese,1,E1_B_BG_BL,33.32330322,-111.8244019,-1
R_24dP0eETMMzvO6x,Default Response Set,Anonymous,,,72.160.104.11,0,30/03/2017 05:31,30/03/2017 05:33,1,1,1,,,,,,,,,,,,,,,,,,,,,1,1,2,3,4,Monday,1,2,3,4,,,,,,,,,,,Yes,1,Definitely yes,No,13,30,male,right-handed,English,1,E1_C_FG_FL,44.52529907,-122.8177948,-1
R_3NOQwEHm7HnByod,Default Response Set,Anonymous,,,71.90.50.58,0,30/03/2017 02:56,30/03/2017 02:57,0,1,1,,,,,,,,,,,,,,,,,,,,,,,,,,,,,,,1,1,2,3,4,Two days,1,2,3,4,Yes,1,Definitely yes,His accent made it difficult to understand if he said Two Days or Tuesday.,13,32,female,right-handed,English,,E1_D_BG_FL,,,-1
R_1Oy7u0R2OYWeAWE,Default Response Set,Anonymous,,,209.58.144.247,0,30/03/2017 02:57,30/03/2017 02:59,0,1,1,,,,,,,,,,,1,1,2,3,4,,1,2,3,4,,,,,,,,,,,,,,,,,,,,,No,,Definitely yes,no,11,,,,,,E1_B_BG_BL,,,-1
R_9mD1UdMn7QhnILD,Default Response Set,Anonymous,,,204.195.5.31,0,30/03/2017 03:03,30/03/2017 03:05,0,1,1,1,1,2,3,4,friday,1,2,3,4,,,,,,,,,,,,,,,,,,,,,,,,,,,,,,,Yes,1,Definitely yes,no,13,42,male,right-handed,english,,E1_A_FG_BL,,,-1
R_3RpRTb57ULdAaZh,Default Response Set,Anonymous,,,24.225.114.170,0,30/03/2017 03:16,30/03/2017 03:18,0,1,1,,,,,,,,,,,,,,,,,,,,,1,1,2,3,4,monday,1,2,3,4,,,,,,,,,,,Yes,1,Definitely yes,he moved his hand forward to gesture that the meeting was moved up,13,36,male,right-handed,english,,E1_C_FG_FL,,,-1
R_3kaX1DZx79pmQOp,Default Response Set,Anonymous,,,68.114.108.36,0,30/03/2017 04:29,30/03/2017 04:30,0,1,1,,,,,,,,,,,,,,,,,,,,,,,,,,,,,,,1,1,2,3,4,monday,1,2,3,4,Yes,1,Definitely yes,no,13,39,female,right-handed,english,,E1_D_BG_FL,,,-1
R_1EcxGpkWnKgcomk,Default Response Set,Anonymous,,,173.216.96.224,0,30/03/2017 04:31,30/03/2017 04:31,0,1,,,,,,,,,,,,,,,,,,,,,,,,,,,,,,,,,,,,,,,,,,,,,,,,,,,,,,,-1
R_10T4emBZUK7pmPR,Default Response Set,Anonymous,,,70.114.131.174,0,30/03/2017 04:33,30/03/2017 04:35,0,1,1,,,,,,,,,,,,,,,,,,,,,,,,,,,,,,,1,1,2,3,4,Monday,1,2,3,4,Yes,Once,Definitely yes,No questions...the person spoke clearly and was easily understood,13,39,male,right-handed,English,,E1_D_BG_FL,,,-1
R_3ElQn1TDjKQYOXQ,Default Response Set,Anonymous,,,75.190.87.48,0,30/03/2017 04:33,30/03/2017 04:35,0,1,1,1,1,2,3,4,monday,1,2,3,4,,,,,,,,,,,,,,,,,,,,,,,,,,,,,,,Yes,1,Definitely not,I did not see the person in the video move.  All I heard was the voice,13,54,female,right-handed,English,,E1_A_FG_BL,,,-1
R_2wtzwd6IUwikwjx,Default Response Set,Anonymous,,,174.59.66.107,0,30/03/2017 04:28,30/03/2017 04:44,0,1,1,,,,,,,,,,,1,1,2,3,4,,,,,,,,,,,,,,,,,,,,,,,,,,,,,,,,,,,,E1_B_BG_BL,,,-1
R_DcMrjYZl0cjBiBb,Default Response Set,Anonymous,,,24.3.147.179,0,30/03/2017 04:59,30/03/2017 05:01,0,1,1,,,,,,,,,,,,,,,,,,,,,,,,,,,,,,,,,,,,,,,,,,,,,,,,,,,E1_B_BG_BL,,,-1
R_2P6WxY6R41SRRHP,Default Response Set,Anonymous,,,68.184.56.224,0,30/03/2017 04:58,30/03/2017 05:03,0,1,1,1,1,2,3,4,Monday,1,2,3,4,,,,,,,,,,,,,,,,,,,,,,,,,,,,,,,Yes,1,Definitely yes,Cool accent.,13,41,male,right-handed,English,,E1_A_FG_BL,,,-1
R_3CaQpVLglPziMtb,Default Response Set,Anonymous,,,98.196.101.239,0,30/03/2017 04:55,30/03/2017 05:02,0,1,1,,,,,,,,,,,,,,,,,,,,,,,,,,,,,,,1,1,2,3,4,Friday,1,2,3,4,Yes,Three,Definitely yes,The gesture made the answer to the question a bit confusing.,13,29,female,right-handed,English,,E1_D_BG_FL,,,-1
R_1BWaco0JYaBAQJF,Default Response Set,Anonymous,,,24.198.188.151,0,30/03/2017 05:00,30/03/2017 05:02,0,1,1,,,,,,,,,,,,,,,,,,,,,1,1,2,3,4,friday,1,2,3,4,,,,,,,,,,,Yes,1,Probably yes,he used his hands when explaining the new meeting day,13,51,male,right-handed,english,,E1_C_FG_FL,,,-1
R_1K74o2mQ60X4Nbb,Default Response Set,Anonymous,,,66.30.103.226,0,30/03/2017 05:30,30/03/2017 05:32,0,1,1,,,,,,,,,,,1,1,2,3,4,Yesterday,1,2,3,4,,,,,,,,,,,,,,,,,,,,,Yes,1,Definitely yes,He never said what day it was,13,44,female,right-handed,English,,E1_B_BG_BL,,,-1
R_1jvrdEGG1Jx70Zq,Default Response Set,Anonymous,,,71.172.143.159,0,30/03/2017 05:31,30/03/2017 05:32,0,1,1,1,1,2,3,4,Monday,1,2,3,4,,,,,,,,,,,,,,,,,,,,,,,,,,,,,,,Yes,1,Definitely yes,Kind of weird.,13,43,female,right-handed,English,,E1_A_FG_BL,,,-1
R_3imvGFNaXac4PZ0,Default Response Set,Anonymous,,,108.73.39.114,0,30/03/2017 05:32,30/03/2017 05:34,0,1,1,1,1,2,3,4,Monday,1,2,3,4,,,,,,,,,,,,,,,,,,,,,,,,,,,,,,,Yes,1,Definitely yes,"It is funny that he says ""backwards,"" but moves his hand in a forward gesture.",13,60,male,left-handed,English,,E1_A_FG_BL,,,-1
R_3oMzgnAAq546F1q,Default Response Set,Anonymous,,,76.26.83.165,0,30/03/2017 05:30,30/03/2017 05:34,0,1,1,,,,,,,,,,,,,,,,,,,,,,,,,,,,,,,1,1,2,3,4,Friday,1,2,3,4,Yes,One,Definitely yes,"Monday is the correct answer, but Friday was my immediate thought so I put that instead. ",13,47,female,right-handed,English,,E1_D_BG_FL,,,-1
R_Zf1KAgazJIx2IyB,Default Response Set,Anonymous,,,70.44.240.36,0,30/03/2017 05:33,30/03/2017 05:35,0,1,1,,,,,,,,,,,,,,,,,,,,,,,,,,,,,,,1,1,2,3,4,Friday,1,2,3,4,Yes,1,Definitely yes,He moved his hand in an odd movement from his chest with his hand level,13,49,male,right-handed,english,,E1_D_BG_FL,,,-1
R_8GFbxJwoEtTke7T,Default Response Set,Anonymous,,,73.182.224.118,0,30/03/2017 05:37,30/03/2017 05:38,0,1,1,,,,,,,,,,,1,1,2,3,4,monday,1,2,3,4,,,,,,,,,,,,,,,,,,,,,Yes,2,Definitely yes,,13,26,male,right-handed,english,,E1_B_BG_BL,,,-1
R_UEWQcW0WtBhLlnP,Default Response Set,Anonymous,,,108.4.61.194,0,30/03/2017 05:45,30/03/2017 05:45,0,1,1,,,,,,,,,,,,,,,,,,,,,1,1,2,3,4,,,,,,,,,,,,,,,,,,,,,,,,,,E1_C_FG_FL,,,-1
R_1lAhiNEgUDLlk8r,Default Response Set,Anonymous,,,71.81.226.159,0,30/03/2017 05:51,30/03/2017 05:53,0,1,1,,,,,,,,,,,,,,,,,,,,,1,1,2,3,4,friday,1,2,3,4,,,,,,,,,,,Yes,2,Definitely yes,,13,41,female,right-handed,english,,E1_C_FG_FL,,,-1